CREATE DATABASE  IF NOT EXISTS `mamacom` /*!40100 DEFAULT CHARACTER SET utf8mb4 */;
USE `mamacom`;
-- MySQL dump 10.13  Distrib 5.6.23, for Win64 (x86_64)
--
-- Host: 127.0.0.1    Database: mamacom
-- ------------------------------------------------------
-- Server version	5.5.5-10.1.21-MariaDB

/*!40101 SET @OLD_CHARACTER_SET_CLIENT=@@CHARACTER_SET_CLIENT */;
/*!40101 SET @OLD_CHARACTER_SET_RESULTS=@@CHARACTER_SET_RESULTS */;
/*!40101 SET @OLD_COLLATION_CONNECTION=@@COLLATION_CONNECTION */;
/*!40101 SET NAMES utf8 */;
/*!40103 SET @OLD_TIME_ZONE=@@TIME_ZONE */;
/*!40103 SET TIME_ZONE='+00:00' */;
/*!40014 SET @OLD_UNIQUE_CHECKS=@@UNIQUE_CHECKS, UNIQUE_CHECKS=0 */;
/*!40014 SET @OLD_FOREIGN_KEY_CHECKS=@@FOREIGN_KEY_CHECKS, FOREIGN_KEY_CHECKS=0 */;
/*!40101 SET @OLD_SQL_MODE=@@SQL_MODE, SQL_MODE='NO_AUTO_VALUE_ON_ZERO' */;
/*!40111 SET @OLD_SQL_NOTES=@@SQL_NOTES, SQL_NOTES=0 */;

--
-- Table structure for table `additems`
--

DROP TABLE IF EXISTS `additems`;
/*!40101 SET @saved_cs_client     = @@character_set_client */;
/*!40101 SET character_set_client = utf8 */;
CREATE TABLE `additems` (
  `id` int(11) NOT NULL AUTO_INCREMENT COMMENT 'ID:',
  `createdate` datetime DEFAULT NULL COMMENT '作成日時:',
  `refreshdate` datetime DEFAULT NULL COMMENT '更新日時:',
  `createuserid` int(11) DEFAULT NULL COMMENT '作成ユーザーID:',
  `refreshuserid` int(11) DEFAULT NULL COMMENT '更新ユーザーID:',
  `content_id` int(11) DEFAULT NULL COMMENT 'コンテンツID(FK):コンテンツ情報(Content)',
  `type` int(2) DEFAULT '0' COMMENT '追加コンテンツステータス:0:サムネイル、1:追加コンテンツ',
  `content` varchar(255) DEFAULT NULL COMMENT 'コンテンツURL、画像タグ番号:',
  `shortimgtag` varchar(255) DEFAULT NULL COMMENT 'ショートイメージ用タグ番号:',
  `open_status` int(2) DEFAULT '0' COMMENT '公開ステータス:0:公開、1:非公開',
  `comment` varchar(255) DEFAULT NULL COMMENT 'コンテンツ備考情報:',
  PRIMARY KEY (`id`)
) ENGINE=InnoDB AUTO_INCREMENT=148 DEFAULT CHARSET=utf8mb4 COMMENT='追加コンテンツ情報';
/*!40101 SET character_set_client = @saved_cs_client */;

--
-- Dumping data for table `additems`
--

LOCK TABLES `additems` WRITE;
/*!40000 ALTER TABLE `additems` DISABLE KEYS */;
INSERT INTO `additems` VALUES (65,'2017-10-18 10:09:05','2017-10-18 10:09:05',1,1,40,0,'c270935c9089d0d7a1e5c08867a5adf4b5fad1f7e8bea446ded403864918e64a',NULL,0,NULL),(66,'2017-10-18 10:09:05','2017-10-18 10:09:05',1,1,40,1,'248d8f6b2942c9ddbcec10b0f8d3f1538036ede831e03e701fa5199c96e447ec',NULL,0,NULL),(67,'2017-10-18 10:09:05','2017-10-18 10:09:05',1,1,40,2,'05000b0b73d8488c6fcd1f9984a15ebde77dda245e3a65e18d1b9070557dbceb',NULL,0,NULL),(68,'2017-10-18 10:09:06','2017-10-18 10:09:06',1,1,40,3,'74a1dd8e512d22ea54e78a519f9f9dcb3e149fadfbeb4050b1add3fc5bafb33f',NULL,0,NULL),(69,'2017-10-18 10:09:06','2017-10-18 10:09:06',1,1,40,4,'e7b125d72e431096e9012fb4f84c0bc1d5086efc847337f1779b2baf23618b91',NULL,0,NULL),(70,'2017-10-18 10:09:06','2017-10-18 10:09:06',1,1,40,5,'a1ddd53a376e96a1d947ceaa8ad21cc90b23df43ef39d2e1845540eddda9f91f',NULL,0,NULL),(71,'2017-10-18 10:16:26','2017-10-18 10:16:26',1,1,41,0,'d1bb05d80ad9e41f3478864f23111ac69e5180819f99571859a086cdb716b555',NULL,0,NULL),(72,'2017-10-18 10:16:26','2017-10-18 10:16:26',1,1,41,1,'74b30d486b71ae787efdd2a1c249d2c9112779c7869a94a4146acb89ffcceec1',NULL,0,NULL),(73,'2017-10-18 10:16:26','2017-10-18 10:16:26',1,1,41,2,'9e2edb913cfdca7bfe26f802e683ddb670c87c554c4ed688b010398fb4ed2b28',NULL,0,NULL),(74,'2017-10-18 10:17:10','2017-10-18 10:17:10',1,1,42,0,'9efe6c2489397e55c8fffe20fda2bd7d750bf3cf69174048d315553dcec73b97',NULL,0,NULL),(75,'2017-10-18 10:17:58','2017-10-18 10:17:58',1,1,43,0,'c40d3eece418af3c5de0fae9b951ab6cde073ffc0e472fddab5871f3c31f84c3',NULL,0,NULL),(76,'2017-10-18 10:17:58','2017-10-18 10:17:58',1,1,43,1,'de9c392f7b9990c2b3e34230392dae74645aedd6f2645a19dd8060f63f3dead8',NULL,0,NULL),(77,'2017-10-18 10:30:49','2017-10-18 10:30:49',1,1,45,0,'9e8e0acc121c1963b6ab3ec1b30a777b5ce74eb28f45cfb285a304814882c593',NULL,0,NULL),(78,'2017-10-18 10:31:10','2017-10-18 10:31:41',1,1,44,0,'3ca1d1fb3d94efa4d39fcde23c5945037087f11cb7fcdaba6ba9dafbf0f5959d',NULL,0,NULL),(80,'2017-10-19 18:48:40','2017-10-19 18:48:40',1,1,47,0,'a73d29551211ed75908e9e27b77e1eb391e397823e4c8136d2c2b99f89f7fada',NULL,0,NULL),(81,'2017-10-23 13:48:45','2017-10-23 13:48:45',1,1,49,0,'2f764772428a48335fd240a969abab78b27d8a14eaaeb49076afcbe9483201db',NULL,0,NULL),(83,'2017-10-23 15:43:34','2017-10-23 15:43:34',1,1,51,0,'372d0595ca39818103ef0a3b84baef074959c590d888516b407955e3c5deb34c',NULL,0,NULL),(84,'2017-10-24 11:24:19','2017-10-24 11:24:19',1,1,52,0,'9eb76b3f8e9ed3a7dba2977b4edb31b3b5b51bade47fede3007553cb60b0eae4',NULL,0,NULL),(85,'2017-10-24 11:25:52','2017-10-24 11:25:52',1,1,53,0,'025ada7270d4424fd256eea3c2ce97d6c0050fb0b78cab5033b7d86eb761407e',NULL,0,NULL),(86,'2017-10-24 13:13:12','2017-10-24 13:13:12',1,1,55,0,'8ff82a9ffd5bcd90c8b56af0050c5dbc0efd76b50bbdc54e03dc54f6bbe4a59d',NULL,0,NULL),(87,'2017-10-24 13:13:12','2017-10-24 13:13:12',1,1,56,0,'025ada7270d4424fd256eea3c2ce97d6c0050fb0b78cab5033b7d86eb761407e',NULL,0,NULL),(88,'2017-10-24 13:13:12','2017-10-24 13:13:12',1,1,57,0,'8ff82a9ffd5bcd90c8b56af0050c5dbc0efd76b50bbdc54e03dc54f6bbe4a59d',NULL,0,NULL),(89,'2017-10-24 13:13:12','2017-10-24 13:13:12',1,1,58,0,'025ada7270d4424fd256eea3c2ce97d6c0050fb0b78cab5033b7d86eb761407e',NULL,0,NULL),(90,'2017-10-24 13:13:12','2017-10-24 13:13:12',1,1,59,0,'8ff82a9ffd5bcd90c8b56af0050c5dbc0efd76b50bbdc54e03dc54f6bbe4a59d',NULL,0,NULL),(91,'2017-10-24 13:13:12','2017-10-24 13:13:12',1,1,60,0,'025ada7270d4424fd256eea3c2ce97d6c0050fb0b78cab5033b7d86eb761407e',NULL,0,NULL),(92,'2017-10-24 13:13:12','2017-10-24 13:13:12',1,1,61,0,'8ff82a9ffd5bcd90c8b56af0050c5dbc0efd76b50bbdc54e03dc54f6bbe4a59d',NULL,0,NULL),(93,'2017-10-24 13:13:12','2017-10-24 13:13:12',1,1,62,0,'025ada7270d4424fd256eea3c2ce97d6c0050fb0b78cab5033b7d86eb761407e',NULL,0,NULL),(94,'2017-10-24 13:13:12','2017-10-24 13:13:12',1,1,63,0,'8ff82a9ffd5bcd90c8b56af0050c5dbc0efd76b50bbdc54e03dc54f6bbe4a59d',NULL,0,NULL),(95,'2017-10-24 13:13:12','2017-10-24 13:13:12',1,1,64,0,'025ada7270d4424fd256eea3c2ce97d6c0050fb0b78cab5033b7d86eb761407e',NULL,0,NULL),(96,'2017-10-24 13:13:12','2017-10-24 13:13:12',1,1,65,0,'8ff82a9ffd5bcd90c8b56af0050c5dbc0efd76b50bbdc54e03dc54f6bbe4a59d',NULL,0,NULL),(97,'2017-10-24 13:13:12','2017-10-24 13:13:12',1,1,66,0,'025ada7270d4424fd256eea3c2ce97d6c0050fb0b78cab5033b7d86eb761407e',NULL,0,NULL),(98,'2017-10-24 13:13:12','2017-10-24 13:13:12',1,1,67,0,'8ff82a9ffd5bcd90c8b56af0050c5dbc0efd76b50bbdc54e03dc54f6bbe4a59d',NULL,0,NULL),(99,'2017-10-24 13:13:12','2017-10-24 13:13:12',1,1,68,0,'025ada7270d4424fd256eea3c2ce97d6c0050fb0b78cab5033b7d86eb761407e',NULL,0,NULL),(100,'2017-10-24 13:13:12','2017-10-24 13:13:12',1,1,69,0,'8ff82a9ffd5bcd90c8b56af0050c5dbc0efd76b50bbdc54e03dc54f6bbe4a59d',NULL,0,NULL),(101,'2017-10-24 13:13:12','2017-10-24 13:13:12',1,1,70,0,'025ada7270d4424fd256eea3c2ce97d6c0050fb0b78cab5033b7d86eb761407e',NULL,0,NULL),(102,'2017-10-24 13:13:12','2017-10-24 13:13:12',1,1,71,0,'8ff82a9ffd5bcd90c8b56af0050c5dbc0efd76b50bbdc54e03dc54f6bbe4a59d',NULL,0,NULL),(103,'2017-10-24 13:13:12','2017-10-24 13:13:12',1,1,72,0,'025ada7270d4424fd256eea3c2ce97d6c0050fb0b78cab5033b7d86eb761407e',NULL,0,NULL),(104,'2017-10-24 13:13:12','2017-10-24 13:13:12',1,1,73,0,'8ff82a9ffd5bcd90c8b56af0050c5dbc0efd76b50bbdc54e03dc54f6bbe4a59d',NULL,0,NULL),(105,'2017-10-24 13:13:12','2017-10-24 13:13:12',1,1,74,0,'025ada7270d4424fd256eea3c2ce97d6c0050fb0b78cab5033b7d86eb761407e',NULL,0,NULL),(106,'2017-10-24 13:13:12','2017-10-24 13:13:12',1,1,75,0,'8ff82a9ffd5bcd90c8b56af0050c5dbc0efd76b50bbdc54e03dc54f6bbe4a59d',NULL,0,NULL),(107,'2017-10-24 13:13:12','2017-10-24 13:13:12',1,1,76,0,'025ada7270d4424fd256eea3c2ce97d6c0050fb0b78cab5033b7d86eb761407e',NULL,0,NULL),(108,'2017-10-24 13:13:12','2017-10-24 13:13:12',1,1,77,0,'8ff82a9ffd5bcd90c8b56af0050c5dbc0efd76b50bbdc54e03dc54f6bbe4a59d',NULL,0,NULL),(109,'2017-10-24 13:13:12','2017-10-24 13:13:12',1,1,78,0,'025ada7270d4424fd256eea3c2ce97d6c0050fb0b78cab5033b7d86eb761407e',NULL,0,NULL),(110,'2017-10-24 13:13:12','2017-10-24 13:13:12',1,1,79,0,'8ff82a9ffd5bcd90c8b56af0050c5dbc0efd76b50bbdc54e03dc54f6bbe4a59d',NULL,0,NULL),(111,'2017-10-24 13:13:12','2017-10-24 13:13:12',1,1,80,0,'025ada7270d4424fd256eea3c2ce97d6c0050fb0b78cab5033b7d86eb761407e',NULL,0,NULL),(112,'2017-10-24 13:13:12','2017-10-24 13:13:12',1,1,81,0,'8ff82a9ffd5bcd90c8b56af0050c5dbc0efd76b50bbdc54e03dc54f6bbe4a59d',NULL,0,NULL),(113,'2017-10-24 13:13:12','2017-10-24 13:13:12',1,1,82,0,'025ada7270d4424fd256eea3c2ce97d6c0050fb0b78cab5033b7d86eb761407e',NULL,0,NULL),(114,'2017-10-24 13:13:12','2017-10-24 13:13:12',1,1,83,0,'8ff82a9ffd5bcd90c8b56af0050c5dbc0efd76b50bbdc54e03dc54f6bbe4a59d',NULL,0,NULL),(115,'2017-10-24 13:13:12','2017-10-24 13:13:12',1,1,84,0,'025ada7270d4424fd256eea3c2ce97d6c0050fb0b78cab5033b7d86eb761407e',NULL,0,NULL),(118,'2017-10-24 13:13:12','2017-10-24 13:13:12',1,1,85,0,'8ff82a9ffd5bcd90c8b56af0050c5dbc0efd76b50bbdc54e03dc54f6bbe4a59d',NULL,0,NULL),(119,'2017-10-24 13:13:12','2017-10-24 13:13:12',1,1,86,0,'025ada7270d4424fd256eea3c2ce97d6c0050fb0b78cab5033b7d86eb761407e',NULL,0,NULL),(120,'2017-10-24 13:13:12','2017-10-24 13:13:12',1,1,87,0,'8ff82a9ffd5bcd90c8b56af0050c5dbc0efd76b50bbdc54e03dc54f6bbe4a59d',NULL,0,NULL),(121,'2017-10-24 13:13:12','2017-10-24 13:13:12',1,1,88,0,'025ada7270d4424fd256eea3c2ce97d6c0050fb0b78cab5033b7d86eb761407e',NULL,0,NULL),(122,'2017-10-24 13:13:12','2017-10-24 13:13:12',1,1,89,0,'8ff82a9ffd5bcd90c8b56af0050c5dbc0efd76b50bbdc54e03dc54f6bbe4a59d',NULL,0,NULL),(123,'2017-10-24 13:13:12','2017-10-24 13:13:12',1,1,90,0,'025ada7270d4424fd256eea3c2ce97d6c0050fb0b78cab5033b7d86eb761407e',NULL,0,NULL),(124,'2017-10-24 13:13:12','2017-10-24 13:13:12',1,1,91,0,'8ff82a9ffd5bcd90c8b56af0050c5dbc0efd76b50bbdc54e03dc54f6bbe4a59d',NULL,0,NULL),(125,'2017-10-24 13:13:12','2017-10-24 13:13:12',1,1,92,0,'025ada7270d4424fd256eea3c2ce97d6c0050fb0b78cab5033b7d86eb761407e',NULL,0,NULL),(126,'2017-10-24 13:13:12','2017-10-24 13:13:12',1,1,93,0,'8ff82a9ffd5bcd90c8b56af0050c5dbc0efd76b50bbdc54e03dc54f6bbe4a59d',NULL,0,NULL),(127,'2017-10-24 13:13:12','2017-10-24 13:13:12',1,1,94,0,'025ada7270d4424fd256eea3c2ce97d6c0050fb0b78cab5033b7d86eb761407e',NULL,0,NULL),(128,'2017-10-24 13:13:12','2017-10-24 13:13:12',1,1,95,0,'8ff82a9ffd5bcd90c8b56af0050c5dbc0efd76b50bbdc54e03dc54f6bbe4a59d',NULL,0,NULL),(129,'2017-10-24 13:13:12','2017-10-24 13:13:12',1,1,96,0,'025ada7270d4424fd256eea3c2ce97d6c0050fb0b78cab5033b7d86eb761407e',NULL,0,NULL),(130,'2017-10-24 13:13:12','2017-10-24 13:13:12',1,1,97,0,'8ff82a9ffd5bcd90c8b56af0050c5dbc0efd76b50bbdc54e03dc54f6bbe4a59d',NULL,0,NULL),(131,'2017-10-24 13:13:12','2017-10-24 13:13:12',1,1,98,0,'025ada7270d4424fd256eea3c2ce97d6c0050fb0b78cab5033b7d86eb761407e',NULL,0,NULL),(132,'2017-10-24 13:13:12','2017-10-24 13:13:12',1,1,99,0,'8ff82a9ffd5bcd90c8b56af0050c5dbc0efd76b50bbdc54e03dc54f6bbe4a59d',NULL,0,NULL),(133,'2017-10-24 13:13:12','2017-10-24 13:13:12',1,1,100,0,'025ada7270d4424fd256eea3c2ce97d6c0050fb0b78cab5033b7d86eb761407e',NULL,0,NULL),(134,'2017-10-24 13:13:12','2017-10-24 13:13:12',1,1,101,0,'8ff82a9ffd5bcd90c8b56af0050c5dbc0efd76b50bbdc54e03dc54f6bbe4a59d',NULL,0,NULL),(135,'2017-10-24 13:13:12','2017-10-24 13:13:12',1,1,102,0,'025ada7270d4424fd256eea3c2ce97d6c0050fb0b78cab5033b7d86eb761407e',NULL,0,NULL),(136,'2017-10-24 13:13:12','2017-10-24 13:13:12',1,1,103,0,'8ff82a9ffd5bcd90c8b56af0050c5dbc0efd76b50bbdc54e03dc54f6bbe4a59d',NULL,0,NULL),(137,'2017-10-24 13:13:12','2017-10-24 13:13:12',1,1,104,0,'025ada7270d4424fd256eea3c2ce97d6c0050fb0b78cab5033b7d86eb761407e',NULL,0,NULL),(138,'2017-10-24 13:13:12','2017-10-24 13:13:12',1,1,105,0,'8ff82a9ffd5bcd90c8b56af0050c5dbc0efd76b50bbdc54e03dc54f6bbe4a59d',NULL,0,NULL),(139,'2017-10-24 13:13:12','2017-10-24 13:13:12',1,1,106,0,'025ada7270d4424fd256eea3c2ce97d6c0050fb0b78cab5033b7d86eb761407e',NULL,0,NULL),(140,'2017-10-24 13:13:12','2017-10-24 13:13:12',1,1,107,0,'8ff82a9ffd5bcd90c8b56af0050c5dbc0efd76b50bbdc54e03dc54f6bbe4a59d',NULL,0,NULL),(141,'2017-10-24 13:13:12','2017-10-24 13:13:12',1,1,108,0,'025ada7270d4424fd256eea3c2ce97d6c0050fb0b78cab5033b7d86eb761407e',NULL,0,NULL),(142,'2017-10-24 13:13:12','2017-10-24 13:13:12',1,1,109,0,'8ff82a9ffd5bcd90c8b56af0050c5dbc0efd76b50bbdc54e03dc54f6bbe4a59d',NULL,0,NULL),(143,'2017-10-24 13:13:12','2017-10-24 13:13:12',1,1,110,0,'025ada7270d4424fd256eea3c2ce97d6c0050fb0b78cab5033b7d86eb761407e',NULL,0,NULL),(144,'2017-10-24 13:13:12','2017-10-24 13:13:12',1,1,111,0,'8ff82a9ffd5bcd90c8b56af0050c5dbc0efd76b50bbdc54e03dc54f6bbe4a59d',NULL,0,NULL),(145,'2017-10-24 13:13:12','2017-10-24 13:13:12',1,1,112,0,'025ada7270d4424fd256eea3c2ce97d6c0050fb0b78cab5033b7d86eb761407e',NULL,0,NULL),(146,'2017-10-24 13:13:12','2017-10-24 13:13:12',1,1,113,0,'8ff82a9ffd5bcd90c8b56af0050c5dbc0efd76b50bbdc54e03dc54f6bbe4a59d',NULL,0,NULL),(147,'2017-10-24 13:13:12','2017-10-24 13:13:12',1,1,114,0,'025ada7270d4424fd256eea3c2ce97d6c0050fb0b78cab5033b7d86eb761407e',NULL,0,NULL);
/*!40000 ALTER TABLE `additems` ENABLE KEYS */;
UNLOCK TABLES;

--
-- Table structure for table `admins`
--

DROP TABLE IF EXISTS `admins`;
/*!40101 SET @saved_cs_client     = @@character_set_client */;
/*!40101 SET character_set_client = utf8 */;
CREATE TABLE `admins` (
  `id` int(11) NOT NULL AUTO_INCREMENT COMMENT 'ID:',
  `createdate` datetime DEFAULT NULL COMMENT '作成日時:',
  `refreshdate` datetime DEFAULT NULL COMMENT '更新日時:',
  `createuserid` int(11) DEFAULT NULL COMMENT '作成ユーザーID:',
  `refreshuserid` int(11) DEFAULT NULL COMMENT '更新ユーザーID:',
  `username` varchar(255) DEFAULT NULL COMMENT 'ユーザー名:',
  `password` varchar(100) DEFAULT NULL COMMENT 'パスワード:',
  `name` varchar(255) DEFAULT NULL COMMENT '管理者名:',
  `item_app_id` varchar(255) DEFAULT NULL COMMENT 'コンテンツ管理用アプリID:',
  PRIMARY KEY (`id`)
) ENGINE=InnoDB AUTO_INCREMENT=3 DEFAULT CHARSET=utf8mb4 COMMENT='管理アカウント情報';
/*!40101 SET character_set_client = @saved_cs_client */;

--
-- Dumping data for table `admins`
--

LOCK TABLES `admins` WRITE;
/*!40000 ALTER TABLE `admins` DISABLE KEYS */;
INSERT INTO `admins` VALUES (1,NULL,NULL,NULL,NULL,'admin1','741770f452821c5d37032a904b84660ab48c950f','初期アカウント','1234'),(2,'2017-10-10 15:03:12','2017-10-10 15:03:12',1,1,'admin2','741770f452821c5d37032a904b84660ab48c950f','test','4a6db80438a3889a4b390273083c8c4e');
/*!40000 ALTER TABLE `admins` ENABLE KEYS */;
UNLOCK TABLES;

--
-- Table structure for table `categories`
--

DROP TABLE IF EXISTS `categories`;
/*!40101 SET @saved_cs_client     = @@character_set_client */;
/*!40101 SET character_set_client = utf8 */;
CREATE TABLE `categories` (
  `id` int(11) NOT NULL AUTO_INCREMENT COMMENT 'ID:',
  `createdate` datetime DEFAULT NULL COMMENT '作成日時:',
  `refreshdate` datetime DEFAULT NULL COMMENT '更新日時:',
  `createuserid` int(11) DEFAULT NULL COMMENT '作成ユーザーID:',
  `refreshuserid` int(11) DEFAULT NULL COMMENT '更新ユーザーID:',
  `name` varchar(255) DEFAULT NULL COMMENT 'カテゴリー名:',
  `html` text COMMENT 'htmlタグ:',
  `type_mode` int(2) DEFAULT '0',
  PRIMARY KEY (`id`)
) ENGINE=InnoDB AUTO_INCREMENT=32 DEFAULT CHARSET=utf8mb4 COMMENT='カテゴリー情報';
/*!40101 SET character_set_client = @saved_cs_client */;

--
-- Dumping data for table `categories`
--

LOCK TABLES `categories` WRITE;
/*!40000 ALTER TABLE `categories` DISABLE KEYS */;
INSERT INTO `categories` VALUES (1,'2017-10-10 00:00:00','2017-10-10 00:00:00',NULL,NULL,'アレルギー対応店',NULL,0),(2,'2017-10-10 00:00:00','2017-10-10 00:00:00',NULL,NULL,'ママ求人',NULL,0),(3,'2017-10-10 00:00:00','2017-10-10 00:00:00',NULL,NULL,'子育て支援室',NULL,0),(4,'2017-10-10 00:00:00','2017-10-10 00:00:00',NULL,NULL,'公園紹介',NULL,0),(5,'2017-10-10 00:00:00','2017-10-10 00:00:00',NULL,NULL,'授乳室ＭＡＰ',NULL,0),(6,'2017-10-10 00:00:00','2017-10-10 00:00:00',NULL,NULL,'地元ママ発信！地域のポータルサイト',NULL,0),(8,'2017-10-10 00:00:00','2017-10-10 00:00:00',NULL,NULL,'都島区',NULL,1),(9,'2017-10-10 00:00:00','2017-10-10 00:00:00',NULL,NULL,'福島区',NULL,1),(10,'2017-10-10 00:00:00','2017-10-10 00:00:00',NULL,NULL,'此花区',NULL,1),(11,'2017-10-10 00:00:00','2017-10-10 00:00:00',NULL,NULL,'西区',NULL,1),(12,'2017-10-10 00:00:00','2017-10-10 00:00:00',NULL,NULL,'港区',NULL,1),(13,'2017-10-10 00:00:00','2017-10-10 00:00:00',NULL,NULL,'大正区',NULL,1),(14,'2017-10-10 00:00:00','2017-10-10 00:00:00',NULL,NULL,'天王寺区',NULL,1),(15,'2017-10-10 00:00:00','2017-10-10 00:00:00',NULL,NULL,'浪速区',NULL,1),(16,'2017-10-10 00:00:00','2017-10-10 00:00:00',NULL,NULL,'西淀川区',NULL,1),(17,'2017-10-10 00:00:00','2017-10-10 00:00:00',NULL,NULL,'東淀川区',NULL,1),(18,'2017-10-10 00:00:00','2017-10-10 00:00:00',NULL,NULL,'東成区',NULL,1),(19,'2017-10-10 00:00:00','2017-10-10 00:00:00',NULL,NULL,'生野区',NULL,1),(20,'2017-10-10 00:00:00','2017-10-10 00:00:00',NULL,NULL,'旭区',NULL,1),(21,'2017-10-10 00:00:00','2017-10-10 00:00:00',NULL,NULL,'城東区',NULL,1),(22,'2017-10-10 00:00:00','2017-10-10 00:00:00',NULL,NULL,'阿倍野区',NULL,1),(23,'2017-10-10 00:00:00','2017-10-10 00:00:00',NULL,NULL,'住吉区',NULL,1),(24,'2017-10-10 00:00:00','2017-10-10 00:00:00',NULL,NULL,'東住吉区',NULL,1),(25,'2017-10-10 00:00:00','2017-10-10 00:00:00',NULL,NULL,'西成区',NULL,1),(26,'2017-10-10 00:00:00','2017-10-10 00:00:00',NULL,NULL,'淀川区',NULL,1),(27,'2017-10-10 00:00:00','2017-10-10 00:00:00',NULL,NULL,'鶴見区',NULL,1),(28,'2017-10-10 00:00:00','2017-10-10 00:00:00',NULL,NULL,'住之江区',NULL,1),(29,'2017-10-10 00:00:00','2017-10-10 00:00:00',NULL,NULL,'平野区',NULL,1),(30,'2017-10-10 00:00:00','2017-10-10 00:00:00',NULL,NULL,'北区',NULL,1),(31,'2017-10-10 00:00:00','2017-10-10 00:00:00',NULL,NULL,'中央区',NULL,1);
/*!40000 ALTER TABLE `categories` ENABLE KEYS */;
UNLOCK TABLES;

--
-- Table structure for table `contents`
--

DROP TABLE IF EXISTS `contents`;
/*!40101 SET @saved_cs_client     = @@character_set_client */;
/*!40101 SET character_set_client = utf8 */;
CREATE TABLE `contents` (
  `id` int(11) NOT NULL AUTO_INCREMENT COMMENT 'ID:',
  `createdate` datetime DEFAULT NULL COMMENT '作成日時:',
  `refreshdate` datetime DEFAULT NULL COMMENT '更新日時:',
  `createuserid` int(11) DEFAULT NULL COMMENT '作成ユーザーID:',
  `refreshuserid` int(11) DEFAULT NULL COMMENT '更新ユーザーID:',
  `number` varchar(255) DEFAULT NULL COMMENT '管理番号:',
  `title` varchar(255) DEFAULT NULL COMMENT 'タイトル:',
  `open_status` int(2) DEFAULT '0' COMMENT '公開ステータス:0:公開、1:非公開',
  `category_id` int(11) DEFAULT NULL COMMENT 'カテゴリID(FK):カテゴリー(Contentcategory)',
  `district_id` int(11) DEFAULT NULL COMMENT '地区ＩＤID(FK):地区(District)',
  `caption` text COMMENT 'コンテンツ概要（JSON）:JSONで記述',
  `shop_info` text COMMENT '店舗情報（JSON）:JSONで記述',
  `metatag` text COMMENT 'メタタグ情報:',
  `record_date` datetime DEFAULT NULL COMMENT '登録日:',
  PRIMARY KEY (`id`)
) ENGINE=InnoDB AUTO_INCREMENT=115 DEFAULT CHARSET=utf8mb4 COMMENT='コンテンツ情報';
/*!40101 SET character_set_client = @saved_cs_client */;

--
-- Dumping data for table `contents`
--

LOCK TABLES `contents` WRITE;
/*!40000 ALTER TABLE `contents` DISABLE KEYS */;
INSERT INTO `contents` VALUES (40,'2017-10-18 10:09:05','2017-10-18 10:09:05',1,1,'a0001','アレルギー対応店テスト1',0,1,10,'{\"ttl1\":\"お店の概要\",\"ttl2\":\"補足・その他\",\"ttl3\":\"-\",\"ttl4\":\"-\",\"ttl5\":\"-\",\"text1\":\"このお店はアレルギー対応店テスト1です。\\r\\nお店のおすすめポイントや対応アレルギーなどが入力されます。\",\"text2\":\"補足事項が入ります。\\r\\n定休日や注意事項など、追記が必要な事項等が入力されます。\",\"text3\":\"\",\"text4\":\"\",\"text5\":\"\"}','{\"postnumber\":\"5420081\",\"address1\":\"大阪府\",\"address2\":\"大阪市中央区南船場3-10-26-吉川ビル6F\",\"tel\":\"06-6243-7757\",\"shop_text\":\"[受付時間]：9:00-20:00\"}',NULL,NULL),(41,'2017-10-18 10:09:05','2017-10-19 19:36:07',1,1,'b0001','ママ求人テスト1',0,2,9,'{\"ttl1\":\"社名\",\"ttl2\":\"給与\",\"ttl3\":\"雇用形態\",\"ttl4\":\"最寄駅\",\"ttl5\":\"補足・その他\",\"text1\":\"ママ求人○○○○○株式会社\",\"text2\":\"時給970円～　\",\"text3\":\"(1)8:00～14:00●週2・3日～ＯＫ\\r\\n(2)8:00～17:00●週2・3日～ＯＫ\\r\\n(3)17:00～22:00●週2・3日～ＯＫ\\r\\n＊曜日・時間や扶養内勤務など相談ＯＫ\\r\\n＊学校やサークル、子供の送迎など考慮\\r\\n★交通費全額支給◎\",\"text4\":\"ＪＲ梅田駅より徒歩5分\",\"text5\":\"週2・3日～からＯＫ！\\r\\n勤務時間や曜日のご相談はお気軽にどうぞ！\"}','{\"postnumber\":\"5420081\",\"address1\":\"大阪府\",\"address2\":\"大阪市中央区南船場3-10-26-吉川ビル6F\",\"tel\":\"06-6243-7757\",\"shop_text\":\"[受付時間]：9:00-20:00\"}',NULL,NULL),(42,'2017-10-18 10:09:05','2017-10-18 10:17:10',1,1,'c0001','子育て支援室テスト1',0,3,8,'{\"ttl1\":\"支援室の概要\",\"ttl2\":\"補足・その他\",\"ttl3\":\"-\",\"ttl4\":\"-\",\"ttl5\":\"-\",\"text1\":\"この場所は子育て支援室テスト1です。\\r\\nお店のおすすめポイントなどが入力されます。\",\"text2\":\"補足事項が入ります。\\r\\n定休日や注意事項など、追記が必要な事項等が入力されます。\",\"text3\":\"\",\"text4\":\"\",\"text5\":\"\"}','{\"postnumber\":\"5420081\",\"address1\":\"大阪府\",\"address2\":\"大阪市中央区南船場3-10-26-吉川ビル6F\",\"tel\":\"06-6243-7757\",\"shop_text\":\"[受付時間]：9:00-20:00\"}',NULL,NULL),(43,'2017-10-18 10:09:05','2017-10-18 10:19:03',1,1,'d0001','公園紹介テスト1',0,4,10,'{\"ttl1\":\"公園の概要\",\"ttl2\":\"補足・その他\",\"ttl3\":\"-\",\"ttl4\":\"-\",\"ttl5\":\"-\",\"text1\":\"この公園は公園テスト1です。\\r\\n公園のおすすめポイントなどが入力されます。\",\"text2\":\"補足事項が入ります。\\r\\n定休日や注意事項など、追記が必要な事項等が入力されます。\",\"text3\":\"\",\"text4\":\"\",\"text5\":\"\"}','{\"postnumber\":\"5420081\",\"address1\":\"大阪府\",\"address2\":\"大阪市中央区南船場3-10-26-吉川ビル6F\",\"tel\":\"06-6243-7757\",\"shop_text\":\"[受付時間]：9:00-20:00\"}',NULL,NULL),(44,'2017-10-18 10:09:05','2017-10-18 10:31:41',1,1,'e0001','授乳室マップテスト1',0,5,9,'{\"ttl1\":\"授乳室の概要\",\"ttl2\":\"補足・その他\",\"ttl3\":\"-\",\"ttl4\":\"-\",\"ttl5\":\"-\",\"text1\":\"この場所は授乳室テスト1です。\\r\\n授乳室のおすすめポイントなどが入力されます。\",\"text2\":\"補足事項が入ります。\\r\\n定休日や注意事項など、追記が必要な事項等が入力されます。\",\"text3\":\"\",\"text4\":\"\",\"text5\":\"\"}','{\"postnumber\":\"5420081\",\"address1\":\"大阪府\",\"address2\":\"大阪市中央区南船場3-10-26-吉川ビル6F\",\"tel\":\"06-6243-7757\",\"shop_text\":\"[受付時間]：9:00-20:00\"}',NULL,NULL),(45,'2017-10-18 10:09:05','2017-10-18 10:30:49',1,1,'f0001','ポータルサイトテスト1',0,6,8,'{\"ttl1\":\"サイトの概要\",\"ttl2\":\"補足・その他\",\"ttl3\":\"-\",\"ttl4\":\"-\",\"ttl5\":\"-\",\"text1\":\"このサイトは地域のおすすめポータルサイトテスト1です。\\r\\nサイトのおすすめポイントなどが入力されます。\",\"text2\":\"補足事項が入ります。\\r\\n定休日や注意事項など、追記が必要な事項等が入力されます。\",\"text3\":\"\",\"text4\":\"\",\"text5\":\"\"}','{\"postnumber\":\"5420081\",\"address1\":\"大阪府\",\"address2\":\"大阪市中央区南船場3-10-26-吉川ビル6F\",\"tel\":\"06-6243-7757\",\"shop_text\":\"[受付時間]：9:00-20:00\"}',NULL,NULL),(47,'2017-10-19 18:48:40','2017-10-19 18:48:40',1,1,'','アレルギー対応店テスト2',0,1,10,'{\"ttl1\":\"お店の概要\",\"ttl2\":\"補足・その他\",\"ttl3\":\"-\",\"ttl4\":\"-\",\"ttl5\":\"-\",\"text1\":\"お店の詳細が入ります。\",\"text2\":\"\",\"text3\":\"\",\"text4\":\"\",\"text5\":\"\"}','{\"postnumber\":\"5420082\",\"address1\":\"大阪府\",\"address2\":\"大阪市中央区南船場\",\"tel\":\"090-0000-0000\",\"shop_text\":\"\"}',NULL,NULL),(51,'2017-10-18 10:09:05','2017-10-24 11:43:04',1,1,'','小児救急電話相談',0,0,NULL,'{\"ttl1\":\"-\",\"ttl2\":\"-\",\"text1\":\"小児科医の支援体制のもとに看護師が相談に応じます。夜間の子どもの急病時、病院へ行ったほうがよいかどうか、判断に迷った時にご利用ください。\",\"text2\":\"※相談料は無料ですが、通話料は利用者負担です。<br>\\r\\n※電話相談であり、診察などの医療行為は行うことができません。<br>\\r\\n※緊急を要する場合は、119番をご利用ください。\"}','{\"tel\":\"#8000\",\"tel_text\":\"又は06-6765-3650（ダイヤル回線、IP電話）\",\"open_text\":\"20時から翌朝8時（365日）\"}',NULL,NULL),(52,'2017-10-24 11:24:19','2017-10-24 11:42:58',1,1,'','救急病院案内',0,0,NULL,'{\"ttl1\":\"-\",\"ttl2\":\"-\",\"text1\":\"大阪府では救急医療相談窓口「救急安心センターおおさか #7119」を運営しており、電話での相談を受け付けています。\",\"text2\":\"救急車を呼んだほうがいい？病院に行った方がいい？<br>\\r\\n近くの救急病院はどこ？応急手当の方法は？<br>\\r\\nなど迷う場合に電話して下さい。緊急時は119番へ。\"}','{\"tel\":\"#7119\",\"tel_text\":\"又は06-6582-7119\",\"open_text\":\"24時間365日\"}',NULL,NULL),(53,'2017-10-24 11:25:52','2017-10-24 11:40:22',1,1,'','緊急お役立ちテスト',0,0,NULL,'{\"ttl1\":\"-\",\"ttl2\":\"-\",\"text1\":\"概要テスト\",\"text2\":\"注意事項テスト\"}','{\"tel\":\"06-6243-7757\",\"tel_text\":\"又は06-6243-7757（ダイヤル回線、IP電話）\",\"open_text\":\"9:00～20：00【受付】\"}',NULL,NULL),(55,'2017-10-24 11:40:22','2017-10-24 13:13:12',NULL,1,'','テスト01 【アレルギー店】',0,1,8,'{\"ttl1\":\"お店の概要\",\"ttl2\":\"補足・その他\",\"ttl3\":\"-\",\"ttl4\":\"-\",\"ttl5\":\"-\",\"text1\":\"このお店はアレルギー対応店テスト1です。\\r\\nお店のおすすめポイントや対応アレルギーなどが入力されます。\",\"text2\":\"補足事項が入ります。\\r\\n定休日や注意事項など、追記が必要な事項等が入力されます。\",\"text3\":\"\",\"text4\":\"\",\"text5\":\"\"}','{\"postnumber\":\"5420081\",\"address1\":\"大阪府\",\"address2\":\"大阪市中央区南船場3-10-26-吉川ビル6F\",\"tel\":\"06-6243-7757\",\"shop_text\":\"[受付時間]：9:00-20:00\"}',NULL,NULL),(56,'2017-10-24 11:40:22','2017-10-24 11:40:22',NULL,NULL,NULL,'テスト02 【アレルギー店】',0,1,8,'{\"ttl1\":\"お店の概要\",\"ttl2\":\"補足・その他\",\"ttl3\":\"-\",\"ttl4\":\"-\",\"ttl5\":\"-\",\"text1\":\"このお店はアレルギー対応店テスト1です。\\r\\nお店のおすすめポイントや対応アレルギーなどが入力されます。\",\"text2\":\"補足事項が入ります。\\r\\n定休日や注意事項など、追記が必要な事項等が入力されます。\",\"text3\":\"\",\"text4\":\"\",\"text5\":\"\"}','{\"postnumber\":\"5420081\",\"address1\":\"大阪府\",\"address2\":\"大阪市中央区南船場3-10-26-吉川ビル6F\",\"tel\":\"06-6243-7757\",\"shop_text\":\"[受付時間]：9:00-20:00\"}',NULL,NULL),(57,'2017-10-24 11:40:22','2017-10-24 11:40:22',NULL,NULL,NULL,'テスト03 【アレルギー店】',0,1,8,'{\"ttl1\":\"お店の概要\",\"ttl2\":\"補足・その他\",\"ttl3\":\"-\",\"ttl4\":\"-\",\"ttl5\":\"-\",\"text1\":\"このお店はアレルギー対応店テスト1です。\\r\\nお店のおすすめポイントや対応アレルギーなどが入力されます。\",\"text2\":\"補足事項が入ります。\\r\\n定休日や注意事項など、追記が必要な事項等が入力されます。\",\"text3\":\"\",\"text4\":\"\",\"text5\":\"\"}','{\"postnumber\":\"5420081\",\"address1\":\"大阪府\",\"address2\":\"大阪市中央区南船場3-10-26-吉川ビル6F\",\"tel\":\"06-6243-7757\",\"shop_text\":\"[受付時間]：9:00-20:00\"}',NULL,NULL),(58,'2017-10-24 11:40:22','2017-10-24 11:40:22',NULL,NULL,NULL,'テスト04 【アレルギー店】',0,1,8,'{\"ttl1\":\"お店の概要\",\"ttl2\":\"補足・その他\",\"ttl3\":\"-\",\"ttl4\":\"-\",\"ttl5\":\"-\",\"text1\":\"このお店はアレルギー対応店テスト1です。\\r\\nお店のおすすめポイントや対応アレルギーなどが入力されます。\",\"text2\":\"補足事項が入ります。\\r\\n定休日や注意事項など、追記が必要な事項等が入力されます。\",\"text3\":\"\",\"text4\":\"\",\"text5\":\"\"}','{\"postnumber\":\"5420081\",\"address1\":\"大阪府\",\"address2\":\"大阪市中央区南船場3-10-26-吉川ビル6F\",\"tel\":\"06-6243-7757\",\"shop_text\":\"[受付時間]：9:00-20:00\"}',NULL,NULL),(59,'2017-10-24 11:40:22','2017-10-24 11:40:22',NULL,NULL,NULL,'テスト05 【アレルギー店】',0,1,8,'{\"ttl1\":\"お店の概要\",\"ttl2\":\"補足・その他\",\"ttl3\":\"-\",\"ttl4\":\"-\",\"ttl5\":\"-\",\"text1\":\"このお店はアレルギー対応店テスト1です。\\r\\nお店のおすすめポイントや対応アレルギーなどが入力されます。\",\"text2\":\"補足事項が入ります。\\r\\n定休日や注意事項など、追記が必要な事項等が入力されます。\",\"text3\":\"\",\"text4\":\"\",\"text5\":\"\"}','{\"postnumber\":\"5420081\",\"address1\":\"大阪府\",\"address2\":\"大阪市中央区南船場3-10-26-吉川ビル6F\",\"tel\":\"06-6243-7757\",\"shop_text\":\"[受付時間]：9:00-20:00\"}',NULL,NULL),(60,'2017-10-24 11:40:22','2017-10-24 11:40:22',NULL,NULL,NULL,'テスト06 【アレルギー店】',0,1,8,'{\"ttl1\":\"お店の概要\",\"ttl2\":\"補足・その他\",\"ttl3\":\"-\",\"ttl4\":\"-\",\"ttl5\":\"-\",\"text1\":\"このお店はアレルギー対応店テスト1です。\\r\\nお店のおすすめポイントや対応アレルギーなどが入力されます。\",\"text2\":\"補足事項が入ります。\\r\\n定休日や注意事項など、追記が必要な事項等が入力されます。\",\"text3\":\"\",\"text4\":\"\",\"text5\":\"\"}','{\"postnumber\":\"5420081\",\"address1\":\"大阪府\",\"address2\":\"大阪市中央区南船場3-10-26-吉川ビル6F\",\"tel\":\"06-6243-7757\",\"shop_text\":\"[受付時間]：9:00-20:00\"}',NULL,NULL),(61,'2017-10-24 11:40:22','2017-10-24 11:40:22',NULL,NULL,NULL,'テスト07 【アレルギー店】',0,1,8,'{\"ttl1\":\"お店の概要\",\"ttl2\":\"補足・その他\",\"ttl3\":\"-\",\"ttl4\":\"-\",\"ttl5\":\"-\",\"text1\":\"このお店はアレルギー対応店テスト1です。\\r\\nお店のおすすめポイントや対応アレルギーなどが入力されます。\",\"text2\":\"補足事項が入ります。\\r\\n定休日や注意事項など、追記が必要な事項等が入力されます。\",\"text3\":\"\",\"text4\":\"\",\"text5\":\"\"}','{\"postnumber\":\"5420081\",\"address1\":\"大阪府\",\"address2\":\"大阪市中央区南船場3-10-26-吉川ビル6F\",\"tel\":\"06-6243-7757\",\"shop_text\":\"[受付時間]：9:00-20:00\"}',NULL,NULL),(62,'2017-10-24 11:40:22','2017-10-24 11:40:22',NULL,NULL,NULL,'テスト08 【アレルギー店】',0,1,8,'{\"ttl1\":\"お店の概要\",\"ttl2\":\"補足・その他\",\"ttl3\":\"-\",\"ttl4\":\"-\",\"ttl5\":\"-\",\"text1\":\"このお店はアレルギー対応店テスト1です。\\r\\nお店のおすすめポイントや対応アレルギーなどが入力されます。\",\"text2\":\"補足事項が入ります。\\r\\n定休日や注意事項など、追記が必要な事項等が入力されます。\",\"text3\":\"\",\"text4\":\"\",\"text5\":\"\"}','{\"postnumber\":\"5420081\",\"address1\":\"大阪府\",\"address2\":\"大阪市中央区南船場3-10-26-吉川ビル6F\",\"tel\":\"06-6243-7757\",\"shop_text\":\"[受付時間]：9:00-20:00\"}',NULL,NULL),(63,'2017-10-24 11:40:22','2017-10-24 11:40:22',NULL,NULL,NULL,'テスト09 【アレルギー店】',0,1,8,'{\"ttl1\":\"お店の概要\",\"ttl2\":\"補足・その他\",\"ttl3\":\"-\",\"ttl4\":\"-\",\"ttl5\":\"-\",\"text1\":\"このお店はアレルギー対応店テスト1です。\\r\\nお店のおすすめポイントや対応アレルギーなどが入力されます。\",\"text2\":\"補足事項が入ります。\\r\\n定休日や注意事項など、追記が必要な事項等が入力されます。\",\"text3\":\"\",\"text4\":\"\",\"text5\":\"\"}','{\"postnumber\":\"5420081\",\"address1\":\"大阪府\",\"address2\":\"大阪市中央区南船場3-10-26-吉川ビル6F\",\"tel\":\"06-6243-7757\",\"shop_text\":\"[受付時間]：9:00-20:00\"}',NULL,NULL),(64,'2017-10-24 11:40:22','2017-10-24 11:40:22',NULL,NULL,NULL,'テスト10 【アレルギー店】',0,1,8,'{\"ttl1\":\"お店の概要\",\"ttl2\":\"補足・その他\",\"ttl3\":\"-\",\"ttl4\":\"-\",\"ttl5\":\"-\",\"text1\":\"このお店はアレルギー対応店テスト1です。\\r\\nお店のおすすめポイントや対応アレルギーなどが入力されます。\",\"text2\":\"補足事項が入ります。\\r\\n定休日や注意事項など、追記が必要な事項等が入力されます。\",\"text3\":\"\",\"text4\":\"\",\"text5\":\"\"}','{\"postnumber\":\"5420081\",\"address1\":\"大阪府\",\"address2\":\"大阪市中央区南船場3-10-26-吉川ビル6F\",\"tel\":\"06-6243-7757\",\"shop_text\":\"[受付時間]：9:00-20:00\"}',NULL,NULL),(65,'2017-10-24 11:40:22','2017-10-24 11:40:22',NULL,NULL,NULL,'テスト11 【アレルギー店】',0,1,8,'{\"ttl1\":\"お店の概要\",\"ttl2\":\"補足・その他\",\"ttl3\":\"-\",\"ttl4\":\"-\",\"ttl5\":\"-\",\"text1\":\"このお店はアレルギー対応店テスト1です。\\r\\nお店のおすすめポイントや対応アレルギーなどが入力されます。\",\"text2\":\"補足事項が入ります。\\r\\n定休日や注意事項など、追記が必要な事項等が入力されます。\",\"text3\":\"\",\"text4\":\"\",\"text5\":\"\"}','{\"postnumber\":\"5420081\",\"address1\":\"大阪府\",\"address2\":\"大阪市中央区南船場3-10-26-吉川ビル6F\",\"tel\":\"06-6243-7757\",\"shop_text\":\"[受付時間]：9:00-20:00\"}',NULL,NULL),(66,'2017-10-24 11:40:22','2017-10-24 11:40:22',NULL,NULL,NULL,'テスト12 【アレルギー店】',0,1,8,'{\"ttl1\":\"お店の概要\",\"ttl2\":\"補足・その他\",\"ttl3\":\"-\",\"ttl4\":\"-\",\"ttl5\":\"-\",\"text1\":\"このお店はアレルギー対応店テスト1です。\\r\\nお店のおすすめポイントや対応アレルギーなどが入力されます。\",\"text2\":\"補足事項が入ります。\\r\\n定休日や注意事項など、追記が必要な事項等が入力されます。\",\"text3\":\"\",\"text4\":\"\",\"text5\":\"\"}','{\"postnumber\":\"5420081\",\"address1\":\"大阪府\",\"address2\":\"大阪市中央区南船場3-10-26-吉川ビル6F\",\"tel\":\"06-6243-7757\",\"shop_text\":\"[受付時間]：9:00-20:00\"}',NULL,NULL),(67,'2017-10-24 11:40:22','2017-10-24 11:40:22',NULL,NULL,NULL,'テスト13 【アレルギー店】',0,1,8,'{\"ttl1\":\"お店の概要\",\"ttl2\":\"補足・その他\",\"ttl3\":\"-\",\"ttl4\":\"-\",\"ttl5\":\"-\",\"text1\":\"このお店はアレルギー対応店テスト1です。\\r\\nお店のおすすめポイントや対応アレルギーなどが入力されます。\",\"text2\":\"補足事項が入ります。\\r\\n定休日や注意事項など、追記が必要な事項等が入力されます。\",\"text3\":\"\",\"text4\":\"\",\"text5\":\"\"}','{\"postnumber\":\"5420081\",\"address1\":\"大阪府\",\"address2\":\"大阪市中央区南船場3-10-26-吉川ビル6F\",\"tel\":\"06-6243-7757\",\"shop_text\":\"[受付時間]：9:00-20:00\"}',NULL,NULL),(68,'2017-10-24 11:40:22','2017-10-24 11:40:22',NULL,NULL,NULL,'テスト14 【アレルギー店】',0,1,8,'{\"ttl1\":\"お店の概要\",\"ttl2\":\"補足・その他\",\"ttl3\":\"-\",\"ttl4\":\"-\",\"ttl5\":\"-\",\"text1\":\"このお店はアレルギー対応店テスト1です。\\r\\nお店のおすすめポイントや対応アレルギーなどが入力されます。\",\"text2\":\"補足事項が入ります。\\r\\n定休日や注意事項など、追記が必要な事項等が入力されます。\",\"text3\":\"\",\"text4\":\"\",\"text5\":\"\"}','{\"postnumber\":\"5420081\",\"address1\":\"大阪府\",\"address2\":\"大阪市中央区南船場3-10-26-吉川ビル6F\",\"tel\":\"06-6243-7757\",\"shop_text\":\"[受付時間]：9:00-20:00\"}',NULL,NULL),(69,'2017-10-24 11:40:22','2017-10-24 11:40:22',NULL,NULL,NULL,'テスト15 【アレルギー店】',0,1,8,'{\"ttl1\":\"お店の概要\",\"ttl2\":\"補足・その他\",\"ttl3\":\"-\",\"ttl4\":\"-\",\"ttl5\":\"-\",\"text1\":\"このお店はアレルギー対応店テスト1です。\\r\\nお店のおすすめポイントや対応アレルギーなどが入力されます。\",\"text2\":\"補足事項が入ります。\\r\\n定休日や注意事項など、追記が必要な事項等が入力されます。\",\"text3\":\"\",\"text4\":\"\",\"text5\":\"\"}','{\"postnumber\":\"5420081\",\"address1\":\"大阪府\",\"address2\":\"大阪市中央区南船場3-10-26-吉川ビル6F\",\"tel\":\"06-6243-7757\",\"shop_text\":\"[受付時間]：9:00-20:00\"}',NULL,NULL),(70,'2017-10-24 11:40:22','2017-10-24 11:40:22',NULL,NULL,NULL,'テスト16 【アレルギー店】',0,1,8,'{\"ttl1\":\"お店の概要\",\"ttl2\":\"補足・その他\",\"ttl3\":\"-\",\"ttl4\":\"-\",\"ttl5\":\"-\",\"text1\":\"このお店はアレルギー対応店テスト1です。\\r\\nお店のおすすめポイントや対応アレルギーなどが入力されます。\",\"text2\":\"補足事項が入ります。\\r\\n定休日や注意事項など、追記が必要な事項等が入力されます。\",\"text3\":\"\",\"text4\":\"\",\"text5\":\"\"}','{\"postnumber\":\"5420081\",\"address1\":\"大阪府\",\"address2\":\"大阪市中央区南船場3-10-26-吉川ビル6F\",\"tel\":\"06-6243-7757\",\"shop_text\":\"[受付時間]：9:00-20:00\"}',NULL,NULL),(71,'2017-10-24 11:40:22','2017-10-24 11:40:22',NULL,NULL,NULL,'テスト17 【アレルギー店】',0,1,8,'{\"ttl1\":\"お店の概要\",\"ttl2\":\"補足・その他\",\"ttl3\":\"-\",\"ttl4\":\"-\",\"ttl5\":\"-\",\"text1\":\"このお店はアレルギー対応店テスト1です。\\r\\nお店のおすすめポイントや対応アレルギーなどが入力されます。\",\"text2\":\"補足事項が入ります。\\r\\n定休日や注意事項など、追記が必要な事項等が入力されます。\",\"text3\":\"\",\"text4\":\"\",\"text5\":\"\"}','{\"postnumber\":\"5420081\",\"address1\":\"大阪府\",\"address2\":\"大阪市中央区南船場3-10-26-吉川ビル6F\",\"tel\":\"06-6243-7757\",\"shop_text\":\"[受付時間]：9:00-20:00\"}',NULL,NULL),(72,'2017-10-24 11:40:22','2017-10-24 11:40:22',NULL,NULL,NULL,'テスト18 【アレルギー店】',0,1,8,'{\"ttl1\":\"お店の概要\",\"ttl2\":\"補足・その他\",\"ttl3\":\"-\",\"ttl4\":\"-\",\"ttl5\":\"-\",\"text1\":\"このお店はアレルギー対応店テスト1です。\\r\\nお店のおすすめポイントや対応アレルギーなどが入力されます。\",\"text2\":\"補足事項が入ります。\\r\\n定休日や注意事項など、追記が必要な事項等が入力されます。\",\"text3\":\"\",\"text4\":\"\",\"text5\":\"\"}','{\"postnumber\":\"5420081\",\"address1\":\"大阪府\",\"address2\":\"大阪市中央区南船場3-10-26-吉川ビル6F\",\"tel\":\"06-6243-7757\",\"shop_text\":\"[受付時間]：9:00-20:00\"}',NULL,NULL),(73,'2017-10-24 11:40:22','2017-10-24 11:40:22',NULL,NULL,NULL,'テスト19 【アレルギー店】',0,1,8,'{\"ttl1\":\"お店の概要\",\"ttl2\":\"補足・その他\",\"ttl3\":\"-\",\"ttl4\":\"-\",\"ttl5\":\"-\",\"text1\":\"このお店はアレルギー対応店テスト1です。\\r\\nお店のおすすめポイントや対応アレルギーなどが入力されます。\",\"text2\":\"補足事項が入ります。\\r\\n定休日や注意事項など、追記が必要な事項等が入力されます。\",\"text3\":\"\",\"text4\":\"\",\"text5\":\"\"}','{\"postnumber\":\"5420081\",\"address1\":\"大阪府\",\"address2\":\"大阪市中央区南船場3-10-26-吉川ビル6F\",\"tel\":\"06-6243-7757\",\"shop_text\":\"[受付時間]：9:00-20:00\"}',NULL,NULL),(74,'2017-10-24 11:40:22','2017-10-24 11:40:22',NULL,NULL,NULL,'テスト20 【アレルギー店】',0,1,8,'{\"ttl1\":\"お店の概要\",\"ttl2\":\"補足・その他\",\"ttl3\":\"-\",\"ttl4\":\"-\",\"ttl5\":\"-\",\"text1\":\"このお店はアレルギー対応店テスト1です。\\r\\nお店のおすすめポイントや対応アレルギーなどが入力されます。\",\"text2\":\"補足事項が入ります。\\r\\n定休日や注意事項など、追記が必要な事項等が入力されます。\",\"text3\":\"\",\"text4\":\"\",\"text5\":\"\"}','{\"postnumber\":\"5420081\",\"address1\":\"大阪府\",\"address2\":\"大阪市中央区南船場3-10-26-吉川ビル6F\",\"tel\":\"06-6243-7757\",\"shop_text\":\"[受付時間]：9:00-20:00\"}',NULL,NULL),(75,'2017-10-24 11:40:22','2017-10-24 11:40:22',NULL,NULL,NULL,'テスト21 【アレルギー店】',0,1,8,'{\"ttl1\":\"お店の概要\",\"ttl2\":\"補足・その他\",\"ttl3\":\"-\",\"ttl4\":\"-\",\"ttl5\":\"-\",\"text1\":\"このお店はアレルギー対応店テスト1です。\\r\\nお店のおすすめポイントや対応アレルギーなどが入力されます。\",\"text2\":\"補足事項が入ります。\\r\\n定休日や注意事項など、追記が必要な事項等が入力されます。\",\"text3\":\"\",\"text4\":\"\",\"text5\":\"\"}','{\"postnumber\":\"5420081\",\"address1\":\"大阪府\",\"address2\":\"大阪市中央区南船場3-10-26-吉川ビル6F\",\"tel\":\"06-6243-7757\",\"shop_text\":\"[受付時間]：9:00-20:00\"}',NULL,NULL),(76,'2017-10-24 11:40:22','2017-10-24 11:40:22',NULL,NULL,NULL,'テスト22 【アレルギー店】',0,1,8,'{\"ttl1\":\"お店の概要\",\"ttl2\":\"補足・その他\",\"ttl3\":\"-\",\"ttl4\":\"-\",\"ttl5\":\"-\",\"text1\":\"このお店はアレルギー対応店テスト1です。\\r\\nお店のおすすめポイントや対応アレルギーなどが入力されます。\",\"text2\":\"補足事項が入ります。\\r\\n定休日や注意事項など、追記が必要な事項等が入力されます。\",\"text3\":\"\",\"text4\":\"\",\"text5\":\"\"}','{\"postnumber\":\"5420081\",\"address1\":\"大阪府\",\"address2\":\"大阪市中央区南船場3-10-26-吉川ビル6F\",\"tel\":\"06-6243-7757\",\"shop_text\":\"[受付時間]：9:00-20:00\"}',NULL,NULL),(77,'2017-10-24 11:40:22','2017-10-24 11:40:22',NULL,NULL,NULL,'テスト23 【アレルギー店】',0,1,8,'{\"ttl1\":\"お店の概要\",\"ttl2\":\"補足・その他\",\"ttl3\":\"-\",\"ttl4\":\"-\",\"ttl5\":\"-\",\"text1\":\"このお店はアレルギー対応店テスト1です。\\r\\nお店のおすすめポイントや対応アレルギーなどが入力されます。\",\"text2\":\"補足事項が入ります。\\r\\n定休日や注意事項など、追記が必要な事項等が入力されます。\",\"text3\":\"\",\"text4\":\"\",\"text5\":\"\"}','{\"postnumber\":\"5420081\",\"address1\":\"大阪府\",\"address2\":\"大阪市中央区南船場3-10-26-吉川ビル6F\",\"tel\":\"06-6243-7757\",\"shop_text\":\"[受付時間]：9:00-20:00\"}',NULL,NULL),(78,'2017-10-24 11:40:22','2017-10-24 11:40:22',NULL,NULL,NULL,'テスト24 【アレルギー店】',0,1,8,'{\"ttl1\":\"お店の概要\",\"ttl2\":\"補足・その他\",\"ttl3\":\"-\",\"ttl4\":\"-\",\"ttl5\":\"-\",\"text1\":\"このお店はアレルギー対応店テスト1です。\\r\\nお店のおすすめポイントや対応アレルギーなどが入力されます。\",\"text2\":\"補足事項が入ります。\\r\\n定休日や注意事項など、追記が必要な事項等が入力されます。\",\"text3\":\"\",\"text4\":\"\",\"text5\":\"\"}','{\"postnumber\":\"5420081\",\"address1\":\"大阪府\",\"address2\":\"大阪市中央区南船場3-10-26-吉川ビル6F\",\"tel\":\"06-6243-7757\",\"shop_text\":\"[受付時間]：9:00-20:00\"}',NULL,NULL),(79,'2017-10-24 11:40:22','2017-10-24 11:40:22',NULL,NULL,NULL,'テスト25 【アレルギー店】',0,1,8,'{\"ttl1\":\"お店の概要\",\"ttl2\":\"補足・その他\",\"ttl3\":\"-\",\"ttl4\":\"-\",\"ttl5\":\"-\",\"text1\":\"このお店はアレルギー対応店テスト1です。\\r\\nお店のおすすめポイントや対応アレルギーなどが入力されます。\",\"text2\":\"補足事項が入ります。\\r\\n定休日や注意事項など、追記が必要な事項等が入力されます。\",\"text3\":\"\",\"text4\":\"\",\"text5\":\"\"}','{\"postnumber\":\"5420081\",\"address1\":\"大阪府\",\"address2\":\"大阪市中央区南船場3-10-26-吉川ビル6F\",\"tel\":\"06-6243-7757\",\"shop_text\":\"[受付時間]：9:00-20:00\"}',NULL,NULL),(80,'2017-10-24 11:40:22','2017-10-24 11:40:22',NULL,NULL,NULL,'テスト26 【アレルギー店】',0,1,8,'{\"ttl1\":\"お店の概要\",\"ttl2\":\"補足・その他\",\"ttl3\":\"-\",\"ttl4\":\"-\",\"ttl5\":\"-\",\"text1\":\"このお店はアレルギー対応店テスト1です。\\r\\nお店のおすすめポイントや対応アレルギーなどが入力されます。\",\"text2\":\"補足事項が入ります。\\r\\n定休日や注意事項など、追記が必要な事項等が入力されます。\",\"text3\":\"\",\"text4\":\"\",\"text5\":\"\"}','{\"postnumber\":\"5420081\",\"address1\":\"大阪府\",\"address2\":\"大阪市中央区南船場3-10-26-吉川ビル6F\",\"tel\":\"06-6243-7757\",\"shop_text\":\"[受付時間]：9:00-20:00\"}',NULL,NULL),(81,'2017-10-24 11:40:22','2017-10-24 11:40:22',NULL,NULL,NULL,'テスト27 【アレルギー店】',0,1,8,'{\"ttl1\":\"お店の概要\",\"ttl2\":\"補足・その他\",\"ttl3\":\"-\",\"ttl4\":\"-\",\"ttl5\":\"-\",\"text1\":\"このお店はアレルギー対応店テスト1です。\\r\\nお店のおすすめポイントや対応アレルギーなどが入力されます。\",\"text2\":\"補足事項が入ります。\\r\\n定休日や注意事項など、追記が必要な事項等が入力されます。\",\"text3\":\"\",\"text4\":\"\",\"text5\":\"\"}','{\"postnumber\":\"5420081\",\"address1\":\"大阪府\",\"address2\":\"大阪市中央区南船場3-10-26-吉川ビル6F\",\"tel\":\"06-6243-7757\",\"shop_text\":\"[受付時間]：9:00-20:00\"}',NULL,NULL),(82,'2017-10-24 11:40:22','2017-10-24 11:40:22',NULL,NULL,NULL,'テスト28 【アレルギー店】',0,1,8,'{\"ttl1\":\"お店の概要\",\"ttl2\":\"補足・その他\",\"ttl3\":\"-\",\"ttl4\":\"-\",\"ttl5\":\"-\",\"text1\":\"このお店はアレルギー対応店テスト1です。\\r\\nお店のおすすめポイントや対応アレルギーなどが入力されます。\",\"text2\":\"補足事項が入ります。\\r\\n定休日や注意事項など、追記が必要な事項等が入力されます。\",\"text3\":\"\",\"text4\":\"\",\"text5\":\"\"}','{\"postnumber\":\"5420081\",\"address1\":\"大阪府\",\"address2\":\"大阪市中央区南船場3-10-26-吉川ビル6F\",\"tel\":\"06-6243-7757\",\"shop_text\":\"[受付時間]：9:00-20:00\"}',NULL,NULL),(83,'2017-10-24 11:40:22','2017-10-24 11:40:22',NULL,NULL,NULL,'テスト29 【アレルギー店】',0,1,8,'{\"ttl1\":\"お店の概要\",\"ttl2\":\"補足・その他\",\"ttl3\":\"-\",\"ttl4\":\"-\",\"ttl5\":\"-\",\"text1\":\"このお店はアレルギー対応店テスト1です。\\r\\nお店のおすすめポイントや対応アレルギーなどが入力されます。\",\"text2\":\"補足事項が入ります。\\r\\n定休日や注意事項など、追記が必要な事項等が入力されます。\",\"text3\":\"\",\"text4\":\"\",\"text5\":\"\"}','{\"postnumber\":\"5420081\",\"address1\":\"大阪府\",\"address2\":\"大阪市中央区南船場3-10-26-吉川ビル6F\",\"tel\":\"06-6243-7757\",\"shop_text\":\"[受付時間]：9:00-20:00\"}',NULL,NULL),(84,'2017-10-24 11:40:22','2017-10-24 11:40:22',NULL,NULL,NULL,'テスト30 【アレルギー店】',0,1,8,'{\"ttl1\":\"お店の概要\",\"ttl2\":\"補足・その他\",\"ttl3\":\"-\",\"ttl4\":\"-\",\"ttl5\":\"-\",\"text1\":\"このお店はアレルギー対応店テスト1です。\\r\\nお店のおすすめポイントや対応アレルギーなどが入力されます。\",\"text2\":\"補足事項が入ります。\\r\\n定休日や注意事項など、追記が必要な事項等が入力されます。\",\"text3\":\"\",\"text4\":\"\",\"text5\":\"\"}','{\"postnumber\":\"5420081\",\"address1\":\"大阪府\",\"address2\":\"大阪市中央区南船場3-10-26-吉川ビル6F\",\"tel\":\"06-6243-7757\",\"shop_text\":\"[受付時間]：9:00-20:00\"}',NULL,NULL),(85,'2017-10-24 11:40:22','2017-10-24 13:13:12',NULL,1,'','テスト01 【ママ求人】',0,2,8,'{\"ttl1\":\"社名\",\"ttl2\":\"給与\",\"ttl3\":\"雇用形態\",\"ttl4\":\"最寄駅\",\"ttl5\":\"補足・その他\",\"text1\":\"ママ求人○○○○○株式会社\",\"text2\":\"時給970円～　\",\"text3\":\"(1)8:00～14:00●週2・3日～ＯＫ\\r\\n(2)8:00～17:00●週2・3日～ＯＫ\\r\\n(3)17:00～22:00●週2・3日～ＯＫ\\r\\n＊曜日・時間や扶養内勤務など相談ＯＫ\\r\\n＊学校やサークル、子供の送迎など考慮\\r\\n★交通費全額支給◎\",\"text4\":\"ＪＲ梅田駅より徒歩5分\",\"text5\":\"週2・3日～からＯＫ！\\r\\n勤務時間や曜日のご相談はお気軽にどうぞ！\"}','{\"postnumber\":\"5420081\",\"address1\":\"大阪府\",\"address2\":\"大阪市中央区南船場3-10-26-吉川ビル6F\",\"tel\":\"06-6243-7757\",\"shop_text\":\"[受付時間]：9:00-20:00\"}',NULL,NULL),(86,'2017-10-24 11:40:22','2017-10-24 11:40:22',NULL,NULL,NULL,'テスト02【ママ求人】',0,2,8,'{\"ttl1\":\"社名\",\"ttl2\":\"給与\",\"ttl3\":\"雇用形態\",\"ttl4\":\"最寄駅\",\"ttl5\":\"補足・その他\",\"text1\":\"ママ求人○○○○○株式会社\",\"text2\":\"時給970円～　\",\"text3\":\"(1)8:00～14:00●週2・3日～ＯＫ\\r\\n(2)8:00～17:00●週2・3日～ＯＫ\\r\\n(3)17:00～22:00●週2・3日～ＯＫ\\r\\n＊曜日・時間や扶養内勤務など相談ＯＫ\\r\\n＊学校やサークル、子供の送迎など考慮\\r\\n★交通費全額支給◎\",\"text4\":\"ＪＲ梅田駅より徒歩5分\",\"text5\":\"週2・3日～からＯＫ！\\r\\n勤務時間や曜日のご相談はお気軽にどうぞ！\"}','{\"postnumber\":\"5420081\",\"address1\":\"大阪府\",\"address2\":\"大阪市中央区南船場3-10-26-吉川ビル6F\",\"tel\":\"06-6243-7757\",\"shop_text\":\"[受付時間]：9:00-20:00\"}',NULL,NULL),(87,'2017-10-24 11:40:22','2017-10-24 11:40:22',NULL,NULL,NULL,'テスト03 【ママ求人】',0,2,8,'{\"ttl1\":\"社名\",\"ttl2\":\"給与\",\"ttl3\":\"雇用形態\",\"ttl4\":\"最寄駅\",\"ttl5\":\"補足・その他\",\"text1\":\"ママ求人○○○○○株式会社\",\"text2\":\"時給970円～　\",\"text3\":\"(1)8:00～14:00●週2・3日～ＯＫ\\r\\n(2)8:00～17:00●週2・3日～ＯＫ\\r\\n(3)17:00～22:00●週2・3日～ＯＫ\\r\\n＊曜日・時間や扶養内勤務など相談ＯＫ\\r\\n＊学校やサークル、子供の送迎など考慮\\r\\n★交通費全額支給◎\",\"text4\":\"ＪＲ梅田駅より徒歩5分\",\"text5\":\"週2・3日～からＯＫ！\\r\\n勤務時間や曜日のご相談はお気軽にどうぞ！\"}','{\"postnumber\":\"5420081\",\"address1\":\"大阪府\",\"address2\":\"大阪市中央区南船場3-10-26-吉川ビル6F\",\"tel\":\"06-6243-7757\",\"shop_text\":\"[受付時間]：9:00-20:00\"}',NULL,NULL),(88,'2017-10-24 11:40:22','2017-10-24 11:40:22',NULL,NULL,NULL,'テスト04 【ママ求人】',0,2,8,'{\"ttl1\":\"社名\",\"ttl2\":\"給与\",\"ttl3\":\"雇用形態\",\"ttl4\":\"最寄駅\",\"ttl5\":\"補足・その他\",\"text1\":\"ママ求人○○○○○株式会社\",\"text2\":\"時給970円～　\",\"text3\":\"(1)8:00～14:00●週2・3日～ＯＫ\\r\\n(2)8:00～17:00●週2・3日～ＯＫ\\r\\n(3)17:00～22:00●週2・3日～ＯＫ\\r\\n＊曜日・時間や扶養内勤務など相談ＯＫ\\r\\n＊学校やサークル、子供の送迎など考慮\\r\\n★交通費全額支給◎\",\"text4\":\"ＪＲ梅田駅より徒歩5分\",\"text5\":\"週2・3日～からＯＫ！\\r\\n勤務時間や曜日のご相談はお気軽にどうぞ！\"}','{\"postnumber\":\"5420081\",\"address1\":\"大阪府\",\"address2\":\"大阪市中央区南船場3-10-26-吉川ビル6F\",\"tel\":\"06-6243-7757\",\"shop_text\":\"[受付時間]：9:00-20:00\"}',NULL,NULL),(89,'2017-10-24 11:40:22','2017-10-24 11:40:22',NULL,NULL,NULL,'テスト05 【ママ求人】',0,2,8,'{\"ttl1\":\"社名\",\"ttl2\":\"給与\",\"ttl3\":\"雇用形態\",\"ttl4\":\"最寄駅\",\"ttl5\":\"補足・その他\",\"text1\":\"ママ求人○○○○○株式会社\",\"text2\":\"時給970円～　\",\"text3\":\"(1)8:00～14:00●週2・3日～ＯＫ\\r\\n(2)8:00～17:00●週2・3日～ＯＫ\\r\\n(3)17:00～22:00●週2・3日～ＯＫ\\r\\n＊曜日・時間や扶養内勤務など相談ＯＫ\\r\\n＊学校やサークル、子供の送迎など考慮\\r\\n★交通費全額支給◎\",\"text4\":\"ＪＲ梅田駅より徒歩5分\",\"text5\":\"週2・3日～からＯＫ！\\r\\n勤務時間や曜日のご相談はお気軽にどうぞ！\"}','{\"postnumber\":\"5420081\",\"address1\":\"大阪府\",\"address2\":\"大阪市中央区南船場3-10-26-吉川ビル6F\",\"tel\":\"06-6243-7757\",\"shop_text\":\"[受付時間]：9:00-20:00\"}',NULL,NULL),(90,'2017-10-24 11:40:22','2017-10-24 11:40:22',NULL,NULL,NULL,'テスト06 【ママ求人】',0,2,8,'{\"ttl1\":\"社名\",\"ttl2\":\"給与\",\"ttl3\":\"雇用形態\",\"ttl4\":\"最寄駅\",\"ttl5\":\"補足・その他\",\"text1\":\"ママ求人○○○○○株式会社\",\"text2\":\"時給970円～　\",\"text3\":\"(1)8:00～14:00●週2・3日～ＯＫ\\r\\n(2)8:00～17:00●週2・3日～ＯＫ\\r\\n(3)17:00～22:00●週2・3日～ＯＫ\\r\\n＊曜日・時間や扶養内勤務など相談ＯＫ\\r\\n＊学校やサークル、子供の送迎など考慮\\r\\n★交通費全額支給◎\",\"text4\":\"ＪＲ梅田駅より徒歩5分\",\"text5\":\"週2・3日～からＯＫ！\\r\\n勤務時間や曜日のご相談はお気軽にどうぞ！\"}','{\"postnumber\":\"5420081\",\"address1\":\"大阪府\",\"address2\":\"大阪市中央区南船場3-10-26-吉川ビル6F\",\"tel\":\"06-6243-7757\",\"shop_text\":\"[受付時間]：9:00-20:00\"}',NULL,NULL),(91,'2017-10-24 11:40:22','2017-10-24 11:40:22',NULL,NULL,NULL,'テスト07 【ママ求人】',0,2,8,'{\"ttl1\":\"社名\",\"ttl2\":\"給与\",\"ttl3\":\"雇用形態\",\"ttl4\":\"最寄駅\",\"ttl5\":\"補足・その他\",\"text1\":\"ママ求人○○○○○株式会社\",\"text2\":\"時給970円～　\",\"text3\":\"(1)8:00～14:00●週2・3日～ＯＫ\\r\\n(2)8:00～17:00●週2・3日～ＯＫ\\r\\n(3)17:00～22:00●週2・3日～ＯＫ\\r\\n＊曜日・時間や扶養内勤務など相談ＯＫ\\r\\n＊学校やサークル、子供の送迎など考慮\\r\\n★交通費全額支給◎\",\"text4\":\"ＪＲ梅田駅より徒歩5分\",\"text5\":\"週2・3日～からＯＫ！\\r\\n勤務時間や曜日のご相談はお気軽にどうぞ！\"}','{\"postnumber\":\"5420081\",\"address1\":\"大阪府\",\"address2\":\"大阪市中央区南船場3-10-26-吉川ビル6F\",\"tel\":\"06-6243-7757\",\"shop_text\":\"[受付時間]：9:00-20:00\"}',NULL,NULL),(92,'2017-10-24 11:40:22','2017-10-24 11:40:22',NULL,NULL,NULL,'テスト08 【ママ求人】',0,2,8,'{\"ttl1\":\"社名\",\"ttl2\":\"給与\",\"ttl3\":\"雇用形態\",\"ttl4\":\"最寄駅\",\"ttl5\":\"補足・その他\",\"text1\":\"ママ求人○○○○○株式会社\",\"text2\":\"時給970円～　\",\"text3\":\"(1)8:00～14:00●週2・3日～ＯＫ\\r\\n(2)8:00～17:00●週2・3日～ＯＫ\\r\\n(3)17:00～22:00●週2・3日～ＯＫ\\r\\n＊曜日・時間や扶養内勤務など相談ＯＫ\\r\\n＊学校やサークル、子供の送迎など考慮\\r\\n★交通費全額支給◎\",\"text4\":\"ＪＲ梅田駅より徒歩5分\",\"text5\":\"週2・3日～からＯＫ！\\r\\n勤務時間や曜日のご相談はお気軽にどうぞ！\"}','{\"postnumber\":\"5420081\",\"address1\":\"大阪府\",\"address2\":\"大阪市中央区南船場3-10-26-吉川ビル6F\",\"tel\":\"06-6243-7757\",\"shop_text\":\"[受付時間]：9:00-20:00\"}',NULL,NULL),(93,'2017-10-24 11:40:22','2017-10-24 11:40:22',NULL,NULL,NULL,'テスト09 【ママ求人】',0,2,8,'{\"ttl1\":\"社名\",\"ttl2\":\"給与\",\"ttl3\":\"雇用形態\",\"ttl4\":\"最寄駅\",\"ttl5\":\"補足・その他\",\"text1\":\"ママ求人○○○○○株式会社\",\"text2\":\"時給970円～　\",\"text3\":\"(1)8:00～14:00●週2・3日～ＯＫ\\r\\n(2)8:00～17:00●週2・3日～ＯＫ\\r\\n(3)17:00～22:00●週2・3日～ＯＫ\\r\\n＊曜日・時間や扶養内勤務など相談ＯＫ\\r\\n＊学校やサークル、子供の送迎など考慮\\r\\n★交通費全額支給◎\",\"text4\":\"ＪＲ梅田駅より徒歩5分\",\"text5\":\"週2・3日～からＯＫ！\\r\\n勤務時間や曜日のご相談はお気軽にどうぞ！\"}','{\"postnumber\":\"5420081\",\"address1\":\"大阪府\",\"address2\":\"大阪市中央区南船場3-10-26-吉川ビル6F\",\"tel\":\"06-6243-7757\",\"shop_text\":\"[受付時間]：9:00-20:00\"}',NULL,NULL),(94,'2017-10-24 11:40:22','2017-10-24 11:40:22',NULL,NULL,NULL,'テスト10 【ママ求人】',0,2,8,'{\"ttl1\":\"社名\",\"ttl2\":\"給与\",\"ttl3\":\"雇用形態\",\"ttl4\":\"最寄駅\",\"ttl5\":\"補足・その他\",\"text1\":\"ママ求人○○○○○株式会社\",\"text2\":\"時給970円～　\",\"text3\":\"(1)8:00～14:00●週2・3日～ＯＫ\\r\\n(2)8:00～17:00●週2・3日～ＯＫ\\r\\n(3)17:00～22:00●週2・3日～ＯＫ\\r\\n＊曜日・時間や扶養内勤務など相談ＯＫ\\r\\n＊学校やサークル、子供の送迎など考慮\\r\\n★交通費全額支給◎\",\"text4\":\"ＪＲ梅田駅より徒歩5分\",\"text5\":\"週2・3日～からＯＫ！\\r\\n勤務時間や曜日のご相談はお気軽にどうぞ！\"}','{\"postnumber\":\"5420081\",\"address1\":\"大阪府\",\"address2\":\"大阪市中央区南船場3-10-26-吉川ビル6F\",\"tel\":\"06-6243-7757\",\"shop_text\":\"[受付時間]：9:00-20:00\"}',NULL,NULL),(95,'2017-10-24 11:40:22','2017-10-24 11:40:22',NULL,NULL,NULL,'テスト11 【ママ求人】',0,2,8,'{\"ttl1\":\"社名\",\"ttl2\":\"給与\",\"ttl3\":\"雇用形態\",\"ttl4\":\"最寄駅\",\"ttl5\":\"補足・その他\",\"text1\":\"ママ求人○○○○○株式会社\",\"text2\":\"時給970円～　\",\"text3\":\"(1)8:00～14:00●週2・3日～ＯＫ\\r\\n(2)8:00～17:00●週2・3日～ＯＫ\\r\\n(3)17:00～22:00●週2・3日～ＯＫ\\r\\n＊曜日・時間や扶養内勤務など相談ＯＫ\\r\\n＊学校やサークル、子供の送迎など考慮\\r\\n★交通費全額支給◎\",\"text4\":\"ＪＲ梅田駅より徒歩5分\",\"text5\":\"週2・3日～からＯＫ！\\r\\n勤務時間や曜日のご相談はお気軽にどうぞ！\"}','{\"postnumber\":\"5420081\",\"address1\":\"大阪府\",\"address2\":\"大阪市中央区南船場3-10-26-吉川ビル6F\",\"tel\":\"06-6243-7757\",\"shop_text\":\"[受付時間]：9:00-20:00\"}',NULL,NULL),(96,'2017-10-24 11:40:22','2017-10-24 11:40:22',NULL,NULL,NULL,'テスト12 【ママ求人】',0,2,8,'{\"ttl1\":\"社名\",\"ttl2\":\"給与\",\"ttl3\":\"雇用形態\",\"ttl4\":\"最寄駅\",\"ttl5\":\"補足・その他\",\"text1\":\"ママ求人○○○○○株式会社\",\"text2\":\"時給970円～　\",\"text3\":\"(1)8:00～14:00●週2・3日～ＯＫ\\r\\n(2)8:00～17:00●週2・3日～ＯＫ\\r\\n(3)17:00～22:00●週2・3日～ＯＫ\\r\\n＊曜日・時間や扶養内勤務など相談ＯＫ\\r\\n＊学校やサークル、子供の送迎など考慮\\r\\n★交通費全額支給◎\",\"text4\":\"ＪＲ梅田駅より徒歩5分\",\"text5\":\"週2・3日～からＯＫ！\\r\\n勤務時間や曜日のご相談はお気軽にどうぞ！\"}','{\"postnumber\":\"5420081\",\"address1\":\"大阪府\",\"address2\":\"大阪市中央区南船場3-10-26-吉川ビル6F\",\"tel\":\"06-6243-7757\",\"shop_text\":\"[受付時間]：9:00-20:00\"}',NULL,NULL),(97,'2017-10-24 11:40:22','2017-10-24 11:40:22',NULL,NULL,NULL,'テスト13 【ママ求人】',0,2,8,'{\"ttl1\":\"社名\",\"ttl2\":\"給与\",\"ttl3\":\"雇用形態\",\"ttl4\":\"最寄駅\",\"ttl5\":\"補足・その他\",\"text1\":\"ママ求人○○○○○株式会社\",\"text2\":\"時給970円～　\",\"text3\":\"(1)8:00～14:00●週2・3日～ＯＫ\\r\\n(2)8:00～17:00●週2・3日～ＯＫ\\r\\n(3)17:00～22:00●週2・3日～ＯＫ\\r\\n＊曜日・時間や扶養内勤務など相談ＯＫ\\r\\n＊学校やサークル、子供の送迎など考慮\\r\\n★交通費全額支給◎\",\"text4\":\"ＪＲ梅田駅より徒歩5分\",\"text5\":\"週2・3日～からＯＫ！\\r\\n勤務時間や曜日のご相談はお気軽にどうぞ！\"}','{\"postnumber\":\"5420081\",\"address1\":\"大阪府\",\"address2\":\"大阪市中央区南船場3-10-26-吉川ビル6F\",\"tel\":\"06-6243-7757\",\"shop_text\":\"[受付時間]：9:00-20:00\"}',NULL,NULL),(98,'2017-10-24 11:40:22','2017-10-24 11:40:22',NULL,NULL,NULL,'テスト14 【ママ求人】',0,2,8,'{\"ttl1\":\"社名\",\"ttl2\":\"給与\",\"ttl3\":\"雇用形態\",\"ttl4\":\"最寄駅\",\"ttl5\":\"補足・その他\",\"text1\":\"ママ求人○○○○○株式会社\",\"text2\":\"時給970円～　\",\"text3\":\"(1)8:00～14:00●週2・3日～ＯＫ\\r\\n(2)8:00～17:00●週2・3日～ＯＫ\\r\\n(3)17:00～22:00●週2・3日～ＯＫ\\r\\n＊曜日・時間や扶養内勤務など相談ＯＫ\\r\\n＊学校やサークル、子供の送迎など考慮\\r\\n★交通費全額支給◎\",\"text4\":\"ＪＲ梅田駅より徒歩5分\",\"text5\":\"週2・3日～からＯＫ！\\r\\n勤務時間や曜日のご相談はお気軽にどうぞ！\"}','{\"postnumber\":\"5420081\",\"address1\":\"大阪府\",\"address2\":\"大阪市中央区南船場3-10-26-吉川ビル6F\",\"tel\":\"06-6243-7757\",\"shop_text\":\"[受付時間]：9:00-20:00\"}',NULL,NULL),(99,'2017-10-24 11:40:22','2017-10-24 11:40:22',NULL,NULL,NULL,'テスト15 【ママ求人】',0,2,8,'{\"ttl1\":\"社名\",\"ttl2\":\"給与\",\"ttl3\":\"雇用形態\",\"ttl4\":\"最寄駅\",\"ttl5\":\"補足・その他\",\"text1\":\"ママ求人○○○○○株式会社\",\"text2\":\"時給970円～　\",\"text3\":\"(1)8:00～14:00●週2・3日～ＯＫ\\r\\n(2)8:00～17:00●週2・3日～ＯＫ\\r\\n(3)17:00～22:00●週2・3日～ＯＫ\\r\\n＊曜日・時間や扶養内勤務など相談ＯＫ\\r\\n＊学校やサークル、子供の送迎など考慮\\r\\n★交通費全額支給◎\",\"text4\":\"ＪＲ梅田駅より徒歩5分\",\"text5\":\"週2・3日～からＯＫ！\\r\\n勤務時間や曜日のご相談はお気軽にどうぞ！\"}','{\"postnumber\":\"5420081\",\"address1\":\"大阪府\",\"address2\":\"大阪市中央区南船場3-10-26-吉川ビル6F\",\"tel\":\"06-6243-7757\",\"shop_text\":\"[受付時間]：9:00-20:00\"}',NULL,NULL),(100,'2017-10-24 11:40:22','2017-10-24 11:40:22',NULL,NULL,NULL,'テスト16 【ママ求人】',0,2,8,'{\"ttl1\":\"社名\",\"ttl2\":\"給与\",\"ttl3\":\"雇用形態\",\"ttl4\":\"最寄駅\",\"ttl5\":\"補足・その他\",\"text1\":\"ママ求人○○○○○株式会社\",\"text2\":\"時給970円～　\",\"text3\":\"(1)8:00～14:00●週2・3日～ＯＫ\\r\\n(2)8:00～17:00●週2・3日～ＯＫ\\r\\n(3)17:00～22:00●週2・3日～ＯＫ\\r\\n＊曜日・時間や扶養内勤務など相談ＯＫ\\r\\n＊学校やサークル、子供の送迎など考慮\\r\\n★交通費全額支給◎\",\"text4\":\"ＪＲ梅田駅より徒歩5分\",\"text5\":\"週2・3日～からＯＫ！\\r\\n勤務時間や曜日のご相談はお気軽にどうぞ！\"}','{\"postnumber\":\"5420081\",\"address1\":\"大阪府\",\"address2\":\"大阪市中央区南船場3-10-26-吉川ビル6F\",\"tel\":\"06-6243-7757\",\"shop_text\":\"[受付時間]：9:00-20:00\"}',NULL,NULL),(101,'2017-10-24 11:40:22','2017-10-24 11:40:22',NULL,NULL,NULL,'テスト17 【ママ求人】',0,2,8,'{\"ttl1\":\"社名\",\"ttl2\":\"給与\",\"ttl3\":\"雇用形態\",\"ttl4\":\"最寄駅\",\"ttl5\":\"補足・その他\",\"text1\":\"ママ求人○○○○○株式会社\",\"text2\":\"時給970円～　\",\"text3\":\"(1)8:00～14:00●週2・3日～ＯＫ\\r\\n(2)8:00～17:00●週2・3日～ＯＫ\\r\\n(3)17:00～22:00●週2・3日～ＯＫ\\r\\n＊曜日・時間や扶養内勤務など相談ＯＫ\\r\\n＊学校やサークル、子供の送迎など考慮\\r\\n★交通費全額支給◎\",\"text4\":\"ＪＲ梅田駅より徒歩5分\",\"text5\":\"週2・3日～からＯＫ！\\r\\n勤務時間や曜日のご相談はお気軽にどうぞ！\"}','{\"postnumber\":\"5420081\",\"address1\":\"大阪府\",\"address2\":\"大阪市中央区南船場3-10-26-吉川ビル6F\",\"tel\":\"06-6243-7757\",\"shop_text\":\"[受付時間]：9:00-20:00\"}',NULL,NULL),(102,'2017-10-24 11:40:22','2017-10-24 11:40:22',NULL,NULL,NULL,'テスト18 【ママ求人】',0,2,8,'{\"ttl1\":\"社名\",\"ttl2\":\"給与\",\"ttl3\":\"雇用形態\",\"ttl4\":\"最寄駅\",\"ttl5\":\"補足・その他\",\"text1\":\"ママ求人○○○○○株式会社\",\"text2\":\"時給970円～　\",\"text3\":\"(1)8:00～14:00●週2・3日～ＯＫ\\r\\n(2)8:00～17:00●週2・3日～ＯＫ\\r\\n(3)17:00～22:00●週2・3日～ＯＫ\\r\\n＊曜日・時間や扶養内勤務など相談ＯＫ\\r\\n＊学校やサークル、子供の送迎など考慮\\r\\n★交通費全額支給◎\",\"text4\":\"ＪＲ梅田駅より徒歩5分\",\"text5\":\"週2・3日～からＯＫ！\\r\\n勤務時間や曜日のご相談はお気軽にどうぞ！\"}','{\"postnumber\":\"5420081\",\"address1\":\"大阪府\",\"address2\":\"大阪市中央区南船場3-10-26-吉川ビル6F\",\"tel\":\"06-6243-7757\",\"shop_text\":\"[受付時間]：9:00-20:00\"}',NULL,NULL),(103,'2017-10-24 11:40:22','2017-10-24 11:40:22',NULL,NULL,NULL,'テスト19 【ママ求人】',0,2,8,'{\"ttl1\":\"社名\",\"ttl2\":\"給与\",\"ttl3\":\"雇用形態\",\"ttl4\":\"最寄駅\",\"ttl5\":\"補足・その他\",\"text1\":\"ママ求人○○○○○株式会社\",\"text2\":\"時給970円～　\",\"text3\":\"(1)8:00～14:00●週2・3日～ＯＫ\\r\\n(2)8:00～17:00●週2・3日～ＯＫ\\r\\n(3)17:00～22:00●週2・3日～ＯＫ\\r\\n＊曜日・時間や扶養内勤務など相談ＯＫ\\r\\n＊学校やサークル、子供の送迎など考慮\\r\\n★交通費全額支給◎\",\"text4\":\"ＪＲ梅田駅より徒歩5分\",\"text5\":\"週2・3日～からＯＫ！\\r\\n勤務時間や曜日のご相談はお気軽にどうぞ！\"}','{\"postnumber\":\"5420081\",\"address1\":\"大阪府\",\"address2\":\"大阪市中央区南船場3-10-26-吉川ビル6F\",\"tel\":\"06-6243-7757\",\"shop_text\":\"[受付時間]：9:00-20:00\"}',NULL,NULL),(104,'2017-10-24 11:40:22','2017-10-24 11:40:22',NULL,NULL,NULL,'テスト20 【ママ求人】',0,2,8,'{\"ttl1\":\"社名\",\"ttl2\":\"給与\",\"ttl3\":\"雇用形態\",\"ttl4\":\"最寄駅\",\"ttl5\":\"補足・その他\",\"text1\":\"ママ求人○○○○○株式会社\",\"text2\":\"時給970円～　\",\"text3\":\"(1)8:00～14:00●週2・3日～ＯＫ\\r\\n(2)8:00～17:00●週2・3日～ＯＫ\\r\\n(3)17:00～22:00●週2・3日～ＯＫ\\r\\n＊曜日・時間や扶養内勤務など相談ＯＫ\\r\\n＊学校やサークル、子供の送迎など考慮\\r\\n★交通費全額支給◎\",\"text4\":\"ＪＲ梅田駅より徒歩5分\",\"text5\":\"週2・3日～からＯＫ！\\r\\n勤務時間や曜日のご相談はお気軽にどうぞ！\"}','{\"postnumber\":\"5420081\",\"address1\":\"大阪府\",\"address2\":\"大阪市中央区南船場3-10-26-吉川ビル6F\",\"tel\":\"06-6243-7757\",\"shop_text\":\"[受付時間]：9:00-20:00\"}',NULL,NULL),(105,'2017-10-24 11:40:22','2017-10-24 11:40:22',NULL,NULL,NULL,'テスト21 【ママ求人】',0,2,8,'{\"ttl1\":\"社名\",\"ttl2\":\"給与\",\"ttl3\":\"雇用形態\",\"ttl4\":\"最寄駅\",\"ttl5\":\"補足・その他\",\"text1\":\"ママ求人○○○○○株式会社\",\"text2\":\"時給970円～　\",\"text3\":\"(1)8:00～14:00●週2・3日～ＯＫ\\r\\n(2)8:00～17:00●週2・3日～ＯＫ\\r\\n(3)17:00～22:00●週2・3日～ＯＫ\\r\\n＊曜日・時間や扶養内勤務など相談ＯＫ\\r\\n＊学校やサークル、子供の送迎など考慮\\r\\n★交通費全額支給◎\",\"text4\":\"ＪＲ梅田駅より徒歩5分\",\"text5\":\"週2・3日～からＯＫ！\\r\\n勤務時間や曜日のご相談はお気軽にどうぞ！\"}','{\"postnumber\":\"5420081\",\"address1\":\"大阪府\",\"address2\":\"大阪市中央区南船場3-10-26-吉川ビル6F\",\"tel\":\"06-6243-7757\",\"shop_text\":\"[受付時間]：9:00-20:00\"}',NULL,NULL),(106,'2017-10-24 11:40:22','2017-10-24 11:40:22',NULL,NULL,NULL,'テスト22 【ママ求人】',0,2,8,'{\"ttl1\":\"社名\",\"ttl2\":\"給与\",\"ttl3\":\"雇用形態\",\"ttl4\":\"最寄駅\",\"ttl5\":\"補足・その他\",\"text1\":\"ママ求人○○○○○株式会社\",\"text2\":\"時給970円～　\",\"text3\":\"(1)8:00～14:00●週2・3日～ＯＫ\\r\\n(2)8:00～17:00●週2・3日～ＯＫ\\r\\n(3)17:00～22:00●週2・3日～ＯＫ\\r\\n＊曜日・時間や扶養内勤務など相談ＯＫ\\r\\n＊学校やサークル、子供の送迎など考慮\\r\\n★交通費全額支給◎\",\"text4\":\"ＪＲ梅田駅より徒歩5分\",\"text5\":\"週2・3日～からＯＫ！\\r\\n勤務時間や曜日のご相談はお気軽にどうぞ！\"}','{\"postnumber\":\"5420081\",\"address1\":\"大阪府\",\"address2\":\"大阪市中央区南船場3-10-26-吉川ビル6F\",\"tel\":\"06-6243-7757\",\"shop_text\":\"[受付時間]：9:00-20:00\"}',NULL,NULL),(107,'2017-10-24 11:40:22','2017-10-24 11:40:22',NULL,NULL,NULL,'テスト23 【ママ求人】',0,2,8,'{\"ttl1\":\"社名\",\"ttl2\":\"給与\",\"ttl3\":\"雇用形態\",\"ttl4\":\"最寄駅\",\"ttl5\":\"補足・その他\",\"text1\":\"ママ求人○○○○○株式会社\",\"text2\":\"時給970円～　\",\"text3\":\"(1)8:00～14:00●週2・3日～ＯＫ\\r\\n(2)8:00～17:00●週2・3日～ＯＫ\\r\\n(3)17:00～22:00●週2・3日～ＯＫ\\r\\n＊曜日・時間や扶養内勤務など相談ＯＫ\\r\\n＊学校やサークル、子供の送迎など考慮\\r\\n★交通費全額支給◎\",\"text4\":\"ＪＲ梅田駅より徒歩5分\",\"text5\":\"週2・3日～からＯＫ！\\r\\n勤務時間や曜日のご相談はお気軽にどうぞ！\"}','{\"postnumber\":\"5420081\",\"address1\":\"大阪府\",\"address2\":\"大阪市中央区南船場3-10-26-吉川ビル6F\",\"tel\":\"06-6243-7757\",\"shop_text\":\"[受付時間]：9:00-20:00\"}',NULL,NULL),(108,'2017-10-24 11:40:22','2017-10-24 11:40:22',NULL,NULL,NULL,'テスト24 【ママ求人】',0,2,8,'{\"ttl1\":\"社名\",\"ttl2\":\"給与\",\"ttl3\":\"雇用形態\",\"ttl4\":\"最寄駅\",\"ttl5\":\"補足・その他\",\"text1\":\"ママ求人○○○○○株式会社\",\"text2\":\"時給970円～　\",\"text3\":\"(1)8:00～14:00●週2・3日～ＯＫ\\r\\n(2)8:00～17:00●週2・3日～ＯＫ\\r\\n(3)17:00～22:00●週2・3日～ＯＫ\\r\\n＊曜日・時間や扶養内勤務など相談ＯＫ\\r\\n＊学校やサークル、子供の送迎など考慮\\r\\n★交通費全額支給◎\",\"text4\":\"ＪＲ梅田駅より徒歩5分\",\"text5\":\"週2・3日～からＯＫ！\\r\\n勤務時間や曜日のご相談はお気軽にどうぞ！\"}','{\"postnumber\":\"5420081\",\"address1\":\"大阪府\",\"address2\":\"大阪市中央区南船場3-10-26-吉川ビル6F\",\"tel\":\"06-6243-7757\",\"shop_text\":\"[受付時間]：9:00-20:00\"}',NULL,NULL),(109,'2017-10-24 11:40:22','2017-10-24 11:40:22',NULL,NULL,NULL,'テスト25 【ママ求人】',0,2,8,'{\"ttl1\":\"社名\",\"ttl2\":\"給与\",\"ttl3\":\"雇用形態\",\"ttl4\":\"最寄駅\",\"ttl5\":\"補足・その他\",\"text1\":\"ママ求人○○○○○株式会社\",\"text2\":\"時給970円～　\",\"text3\":\"(1)8:00～14:00●週2・3日～ＯＫ\\r\\n(2)8:00～17:00●週2・3日～ＯＫ\\r\\n(3)17:00～22:00●週2・3日～ＯＫ\\r\\n＊曜日・時間や扶養内勤務など相談ＯＫ\\r\\n＊学校やサークル、子供の送迎など考慮\\r\\n★交通費全額支給◎\",\"text4\":\"ＪＲ梅田駅より徒歩5分\",\"text5\":\"週2・3日～からＯＫ！\\r\\n勤務時間や曜日のご相談はお気軽にどうぞ！\"}','{\"postnumber\":\"5420081\",\"address1\":\"大阪府\",\"address2\":\"大阪市中央区南船場3-10-26-吉川ビル6F\",\"tel\":\"06-6243-7757\",\"shop_text\":\"[受付時間]：9:00-20:00\"}',NULL,NULL),(110,'2017-10-24 11:40:22','2017-10-24 11:40:22',NULL,NULL,NULL,'テスト26 【ママ求人】',0,2,8,'{\"ttl1\":\"社名\",\"ttl2\":\"給与\",\"ttl3\":\"雇用形態\",\"ttl4\":\"最寄駅\",\"ttl5\":\"補足・その他\",\"text1\":\"ママ求人○○○○○株式会社\",\"text2\":\"時給970円～　\",\"text3\":\"(1)8:00～14:00●週2・3日～ＯＫ\\r\\n(2)8:00～17:00●週2・3日～ＯＫ\\r\\n(3)17:00～22:00●週2・3日～ＯＫ\\r\\n＊曜日・時間や扶養内勤務など相談ＯＫ\\r\\n＊学校やサークル、子供の送迎など考慮\\r\\n★交通費全額支給◎\",\"text4\":\"ＪＲ梅田駅より徒歩5分\",\"text5\":\"週2・3日～からＯＫ！\\r\\n勤務時間や曜日のご相談はお気軽にどうぞ！\"}','{\"postnumber\":\"5420081\",\"address1\":\"大阪府\",\"address2\":\"大阪市中央区南船場3-10-26-吉川ビル6F\",\"tel\":\"06-6243-7757\",\"shop_text\":\"[受付時間]：9:00-20:00\"}',NULL,NULL),(111,'2017-10-24 11:40:22','2017-10-24 11:40:22',NULL,NULL,NULL,'テスト27 【ママ求人】',0,2,8,'{\"ttl1\":\"社名\",\"ttl2\":\"給与\",\"ttl3\":\"雇用形態\",\"ttl4\":\"最寄駅\",\"ttl5\":\"補足・その他\",\"text1\":\"ママ求人○○○○○株式会社\",\"text2\":\"時給970円～　\",\"text3\":\"(1)8:00～14:00●週2・3日～ＯＫ\\r\\n(2)8:00～17:00●週2・3日～ＯＫ\\r\\n(3)17:00～22:00●週2・3日～ＯＫ\\r\\n＊曜日・時間や扶養内勤務など相談ＯＫ\\r\\n＊学校やサークル、子供の送迎など考慮\\r\\n★交通費全額支給◎\",\"text4\":\"ＪＲ梅田駅より徒歩5分\",\"text5\":\"週2・3日～からＯＫ！\\r\\n勤務時間や曜日のご相談はお気軽にどうぞ！\"}','{\"postnumber\":\"5420081\",\"address1\":\"大阪府\",\"address2\":\"大阪市中央区南船場3-10-26-吉川ビル6F\",\"tel\":\"06-6243-7757\",\"shop_text\":\"[受付時間]：9:00-20:00\"}',NULL,NULL),(112,'2017-10-24 11:40:22','2017-10-24 11:40:22',NULL,NULL,NULL,'テスト28 【ママ求人】',0,2,8,'{\"ttl1\":\"社名\",\"ttl2\":\"給与\",\"ttl3\":\"雇用形態\",\"ttl4\":\"最寄駅\",\"ttl5\":\"補足・その他\",\"text1\":\"ママ求人○○○○○株式会社\",\"text2\":\"時給970円～　\",\"text3\":\"(1)8:00～14:00●週2・3日～ＯＫ\\r\\n(2)8:00～17:00●週2・3日～ＯＫ\\r\\n(3)17:00～22:00●週2・3日～ＯＫ\\r\\n＊曜日・時間や扶養内勤務など相談ＯＫ\\r\\n＊学校やサークル、子供の送迎など考慮\\r\\n★交通費全額支給◎\",\"text4\":\"ＪＲ梅田駅より徒歩5分\",\"text5\":\"週2・3日～からＯＫ！\\r\\n勤務時間や曜日のご相談はお気軽にどうぞ！\"}','{\"postnumber\":\"5420081\",\"address1\":\"大阪府\",\"address2\":\"大阪市中央区南船場3-10-26-吉川ビル6F\",\"tel\":\"06-6243-7757\",\"shop_text\":\"[受付時間]：9:00-20:00\"}',NULL,NULL),(113,'2017-10-24 11:40:22','2017-10-24 11:40:22',NULL,NULL,NULL,'テスト29 【ママ求人】',0,2,8,'{\"ttl1\":\"社名\",\"ttl2\":\"給与\",\"ttl3\":\"雇用形態\",\"ttl4\":\"最寄駅\",\"ttl5\":\"補足・その他\",\"text1\":\"ママ求人○○○○○株式会社\",\"text2\":\"時給970円～　\",\"text3\":\"(1)8:00～14:00●週2・3日～ＯＫ\\r\\n(2)8:00～17:00●週2・3日～ＯＫ\\r\\n(3)17:00～22:00●週2・3日～ＯＫ\\r\\n＊曜日・時間や扶養内勤務など相談ＯＫ\\r\\n＊学校やサークル、子供の送迎など考慮\\r\\n★交通費全額支給◎\",\"text4\":\"ＪＲ梅田駅より徒歩5分\",\"text5\":\"週2・3日～からＯＫ！\\r\\n勤務時間や曜日のご相談はお気軽にどうぞ！\"}','{\"postnumber\":\"5420081\",\"address1\":\"大阪府\",\"address2\":\"大阪市中央区南船場3-10-26-吉川ビル6F\",\"tel\":\"06-6243-7757\",\"shop_text\":\"[受付時間]：9:00-20:00\"}',NULL,NULL),(114,'2017-10-24 11:40:22','2017-10-24 11:40:22',NULL,NULL,NULL,'テスト30 【ママ求人】',0,2,8,'{\"ttl1\":\"社名\",\"ttl2\":\"給与\",\"ttl3\":\"雇用形態\",\"ttl4\":\"最寄駅\",\"ttl5\":\"補足・その他\",\"text1\":\"ママ求人○○○○○株式会社\",\"text2\":\"時給970円～　\",\"text3\":\"(1)8:00～14:00●週2・3日～ＯＫ\\r\\n(2)8:00～17:00●週2・3日～ＯＫ\\r\\n(3)17:00～22:00●週2・3日～ＯＫ\\r\\n＊曜日・時間や扶養内勤務など相談ＯＫ\\r\\n＊学校やサークル、子供の送迎など考慮\\r\\n★交通費全額支給◎\",\"text4\":\"ＪＲ梅田駅より徒歩5分\",\"text5\":\"週2・3日～からＯＫ！\\r\\n勤務時間や曜日のご相談はお気軽にどうぞ！\"}','{\"postnumber\":\"5420081\",\"address1\":\"大阪府\",\"address2\":\"大阪市中央区南船場3-10-26-吉川ビル6F\",\"tel\":\"06-6243-7757\",\"shop_text\":\"[受付時間]：9:00-20:00\"}',NULL,NULL);
/*!40000 ALTER TABLE `contents` ENABLE KEYS */;
UNLOCK TABLES;

--
-- Table structure for table `emergencies`
--

DROP TABLE IF EXISTS `emergencies`;
/*!40101 SET @saved_cs_client     = @@character_set_client */;
/*!40101 SET character_set_client = utf8 */;
CREATE TABLE `emergencies` (
  `id` int(11) NOT NULL AUTO_INCREMENT COMMENT 'ID:',
  `createdate` datetime DEFAULT NULL COMMENT '作成日時:',
  `refreshdate` datetime DEFAULT NULL COMMENT '更新日時:',
  `createuserid` int(11) DEFAULT NULL COMMENT '作成ユーザーID:',
  `refreshuserid` int(11) DEFAULT NULL COMMENT '更新ユーザーID:',
  `number` varchar(255) DEFAULT NULL COMMENT '管理番号:',
  `title` varchar(255) DEFAULT NULL COMMENT 'タイトル:',
  `open_status` int(2) DEFAULT '0' COMMENT '公開ステータス:0:公開、1:非公開',
  `district_id` int(11) DEFAULT NULL COMMENT '地区ＩＤID(FK):地区(District)',
  `caption` text COMMENT 'コンテンツ概要（JSON）:JSONで記述',
  `record_date` datetime DEFAULT NULL COMMENT '登録日:',
  PRIMARY KEY (`id`)
) ENGINE=InnoDB AUTO_INCREMENT=3 DEFAULT CHARSET=utf8mb4 COMMENT='緊急お役立ち情報';
/*!40101 SET character_set_client = @saved_cs_client */;

--
-- Dumping data for table `emergencies`
--

LOCK TABLES `emergencies` WRITE;
/*!40000 ALTER TABLE `emergencies` DISABLE KEYS */;
INSERT INTO `emergencies` VALUES (2,NULL,NULL,NULL,NULL,'123','緊急お役立ちテスト1',0,1,NULL,NULL);
/*!40000 ALTER TABLE `emergencies` ENABLE KEYS */;
UNLOCK TABLES;

--
-- Table structure for table `freepagecategories`
--

DROP TABLE IF EXISTS `freepagecategories`;
/*!40101 SET @saved_cs_client     = @@character_set_client */;
/*!40101 SET character_set_client = utf8 */;
CREATE TABLE `freepagecategories` (
  `id` int(11) NOT NULL AUTO_INCREMENT COMMENT 'ID:',
  `createdate` datetime DEFAULT NULL COMMENT '作成日時:',
  `refreshdate` datetime DEFAULT NULL COMMENT '更新日時:',
  `createuserid` int(11) DEFAULT NULL COMMENT '作成ユーザーID:',
  `refreshuserid` int(11) DEFAULT NULL COMMENT '更新ユーザーID:',
  `name` varchar(255) DEFAULT NULL COMMENT 'フリーページカテゴリー名:',
  `permalink` varchar(100) DEFAULT NULL COMMENT 'カテゴリーURL:',
  `html` text COMMENT 'html:',
  PRIMARY KEY (`id`)
) ENGINE=InnoDB AUTO_INCREMENT=4 DEFAULT CHARSET=utf8mb4 COMMENT='フリーページカテゴリー情報';
/*!40101 SET character_set_client = @saved_cs_client */;

--
-- Dumping data for table `freepagecategories`
--

LOCK TABLES `freepagecategories` WRITE;
/*!40000 ALTER TABLE `freepagecategories` DISABLE KEYS */;
INSERT INTO `freepagecategories` VALUES (1,'2017-10-10 00:00:00','2017-10-10 00:00:00',1,1,'お役立ち情報','useful',''),(2,'2017-10-10 00:00:00','2017-10-10 00:00:00',1,1,'アップデート情報','update',''),(3,'2017-10-10 00:00:00','2017-10-10 00:00:00',1,1,'その他','other','');
/*!40000 ALTER TABLE `freepagecategories` ENABLE KEYS */;
UNLOCK TABLES;

--
-- Table structure for table `freepages`
--

DROP TABLE IF EXISTS `freepages`;
/*!40101 SET @saved_cs_client     = @@character_set_client */;
/*!40101 SET character_set_client = utf8 */;
CREATE TABLE `freepages` (
  `id` int(11) NOT NULL AUTO_INCREMENT COMMENT 'ID:',
  `createdate` datetime DEFAULT NULL COMMENT '作成日時:',
  `refreshdate` datetime DEFAULT NULL COMMENT '更新日時:',
  `createuserid` int(11) DEFAULT NULL COMMENT '作成ユーザーID:',
  `refreshuserid` int(11) DEFAULT NULL COMMENT '更新ユーザーID:',
  `name` varchar(255) DEFAULT NULL COMMENT 'フリーページ名:',
  `title` varchar(255) DEFAULT NULL COMMENT 'ページタイトル:',
  `permalink` varchar(100) DEFAULT NULL COMMENT 'フリーページURL:',
  `html` text COMMENT 'html:',
  `page_status` int(2) DEFAULT '0' COMMENT 'ページ表示ステータス:0:有効、1:ヘッダーフッター非表示',
  `open_status` int(2) DEFAULT '0' COMMENT '公開ステータス:0:公開、1:会員に公開、2:非公開',
  `freepagecategory_id` int(11) DEFAULT NULL COMMENT 'フリーページカテゴリーID(FK):フリーページカテゴリ(Freepagecategory)',
  PRIMARY KEY (`id`)
) ENGINE=InnoDB AUTO_INCREMENT=3 DEFAULT CHARSET=utf8mb4 COMMENT='フリーページ情報';
/*!40101 SET character_set_client = @saved_cs_client */;

--
-- Dumping data for table `freepages`
--

LOCK TABLES `freepages` WRITE;
/*!40000 ALTER TABLE `freepages` DISABLE KEYS */;
INSERT INTO `freepages` VALUES (2,'2017-10-10 00:00:00','2017-10-24 19:06:26',1,1,'フリーページテスト','フリーページテスト',' mailmagazine','フリーページテスト<br>\r\n<a href=\"#\">詳しくはこちらをご覧下さい</a>',0,0,3);
/*!40000 ALTER TABLE `freepages` ENABLE KEYS */;
UNLOCK TABLES;

--
-- Table structure for table `information`
--

DROP TABLE IF EXISTS `information`;
/*!40101 SET @saved_cs_client     = @@character_set_client */;
/*!40101 SET character_set_client = utf8 */;
CREATE TABLE `information` (
  `id` int(11) NOT NULL AUTO_INCREMENT COMMENT 'ID:',
  `createdate` datetime DEFAULT NULL COMMENT '作成日時:',
  `refreshdate` datetime DEFAULT NULL COMMENT '更新日時:',
  `createuserid` int(11) DEFAULT NULL COMMENT '作成ユーザーID:',
  `refreshuserid` int(11) DEFAULT NULL COMMENT '更新ユーザーID:',
  `post_date` datetime DEFAULT NULL COMMENT '投稿日:',
  `title` varchar(255) DEFAULT NULL COMMENT 'タイトル:',
  `caption` text COMMENT 'インフォメーション内容:',
  `imgtag` text COMMENT '画像タグ:',
  PRIMARY KEY (`id`)
) ENGINE=InnoDB AUTO_INCREMENT=4 DEFAULT CHARSET=utf8mb4 COMMENT='インフォメーション情報';
/*!40101 SET character_set_client = @saved_cs_client */;

--
-- Dumping data for table `information`
--

LOCK TABLES `information` WRITE;
/*!40000 ALTER TABLE `information` DISABLE KEYS */;
INSERT INTO `information` VALUES (1,'2017-10-10 15:25:51','2017-10-20 11:42:11',1,1,'2017-10-01 15:25:50','新着のお知らせ3','インフォメーションのテキストが入ります。インフォメーションのテキストが入ります。インフォメーションのテキストが入ります。',NULL),(2,'2017-10-20 09:53:52','2017-10-20 09:54:04',1,1,'2017-10-20 09:53:52','新着のお知らせ2','お知らせ内容がはいります。テストです。',NULL),(3,'2017-10-20 09:57:13','2017-10-20 11:34:14',1,1,'2017-10-20 09:57:13','アプリリリース記念！お得情報配信！','<img src=\"http://mamacom.net/mail.jpg\" style=\"margin-bottom:5px;\"><br>\r\nこの度、アプリのリリースを記念して、メールマガジン限定お得情報を配信します！<br>\r\nメールマガジンへのご登録方法は○○○○○○○○○○○○○○○○○○○○○○○○<br>\r\n是非この機会にご登録下さい。',NULL);
/*!40000 ALTER TABLE `information` ENABLE KEYS */;
UNLOCK TABLES;

--
-- Table structure for table `inputerrors`
--

DROP TABLE IF EXISTS `inputerrors`;
/*!40101 SET @saved_cs_client     = @@character_set_client */;
/*!40101 SET character_set_client = utf8 */;
CREATE TABLE `inputerrors` (
  `id` int(11) NOT NULL AUTO_INCREMENT COMMENT 'ID:',
  `createdate` datetime DEFAULT NULL COMMENT '作成日時:',
  `refreshdate` datetime DEFAULT NULL COMMENT '更新日時:',
  `createuserid` int(11) DEFAULT NULL COMMENT '作成ユーザーID:',
  `refreshuserid` int(11) DEFAULT NULL COMMENT '更新ユーザーID:',
  `code` varchar(100) DEFAULT NULL COMMENT '適用コード:',
  `name` varchar(255) DEFAULT NULL COMMENT '表示場所名:',
  `message` text COMMENT 'エラーメッセージ文:',
  PRIMARY KEY (`id`)
) ENGINE=InnoDB DEFAULT CHARSET=utf8mb4 COMMENT='入力エラー表示設定';
/*!40101 SET character_set_client = @saved_cs_client */;

--
-- Dumping data for table `inputerrors`
--

LOCK TABLES `inputerrors` WRITE;
/*!40000 ALTER TABLE `inputerrors` DISABLE KEYS */;
/*!40000 ALTER TABLE `inputerrors` ENABLE KEYS */;
UNLOCK TABLES;

--
-- Table structure for table `sitedefaults`
--

DROP TABLE IF EXISTS `sitedefaults`;
/*!40101 SET @saved_cs_client     = @@character_set_client */;
/*!40101 SET character_set_client = utf8 */;
CREATE TABLE `sitedefaults` (
  `id` int(11) NOT NULL AUTO_INCREMENT COMMENT 'ID:',
  `createdate` datetime DEFAULT NULL COMMENT '作成日時:',
  `refreshdate` datetime DEFAULT NULL COMMENT '更新日時:',
  `createuserid` int(11) DEFAULT NULL COMMENT '作成ユーザーID:',
  `refreshuserid` int(11) DEFAULT NULL COMMENT '更新ユーザーID:',
  `name` varchar(100) DEFAULT NULL COMMENT '項目名:',
  `value` text COMMENT '値:',
  PRIMARY KEY (`id`)
) ENGINE=InnoDB AUTO_INCREMENT=17 DEFAULT CHARSET=utf8mb4 COMMENT='サイト基本情報';
/*!40101 SET character_set_client = @saved_cs_client */;

--
-- Dumping data for table `sitedefaults`
--

LOCK TABLES `sitedefaults` WRITE;
/*!40000 ALTER TABLE `sitedefaults` DISABLE KEYS */;
INSERT INTO `sitedefaults` VALUES (1,'2017-10-10 15:11:39','2017-10-23 16:07:05',1,1,'status','0'),(2,'2017-10-10 15:11:39','2017-10-23 16:07:05',1,1,'wwwurl','http://192.168.11.36/mamacom/development/www/'),(3,'2017-10-10 15:11:39','2017-10-23 16:07:05',1,1,'adminurl','http://192.168.11.36/mamacom/development/admin/'),(4,'2017-10-10 15:11:39','2017-10-23 16:07:05',1,1,'itemurl','http://192.168.11.36/mamacom/development/item/'),(5,'2017-10-10 15:11:39','2017-10-23 16:07:05',1,1,'apiurl','http://192.168.11.36/mamacom/development/api/'),(6,'2017-10-17 14:11:24','2017-10-23 16:07:05',1,1,'img_service_secret','safdasagfdafdag'),(7,'2017-10-17 14:11:24','2017-10-23 16:07:05',1,1,'img_lisence_key','jkhhjlhjlhjljhljhljjg'),(8,'2017-10-18 11:39:39','2017-10-23 16:07:05',1,1,'service_secret','WZfZkPzn6HHpHh3BjNJH'),(9,'2017-10-18 11:39:39','2017-10-23 16:07:05',1,1,'lisence_key','AxGehf7jz5458qB6vFgn'),(10,'2017-10-18 12:35:49','2017-10-23 16:07:06',1,1,'token','yGCuE8FAsfY2ANTW6AERXWQdmAt2gSCSGUL'),(11,'2017-10-23 16:05:30','2017-10-23 16:07:06',1,1,'mail_host','collabos.sakura.ne.jp'),(12,'2017-10-23 16:05:30','2017-10-23 16:07:06',1,1,'mail_address','message@collabos.jp'),(13,'2017-10-23 16:05:30','2017-10-23 16:07:06',1,1,'mail_sendname','mamacom'),(14,'2017-10-23 16:05:30','2017-10-23 16:07:06',1,1,'mail_port','587'),(15,'2017-10-23 16:05:30','2017-10-23 16:07:06',1,1,'mail_username','message@collabos.jp'),(16,'2017-10-23 16:05:30','2017-10-23 16:07:06',1,1,'mail_password','fHg1chBT');
/*!40000 ALTER TABLE `sitedefaults` ENABLE KEYS */;
UNLOCK TABLES;
/*!40103 SET TIME_ZONE=@OLD_TIME_ZONE */;

/*!40101 SET SQL_MODE=@OLD_SQL_MODE */;
/*!40014 SET FOREIGN_KEY_CHECKS=@OLD_FOREIGN_KEY_CHECKS */;
/*!40014 SET UNIQUE_CHECKS=@OLD_UNIQUE_CHECKS */;
/*!40101 SET CHARACTER_SET_CLIENT=@OLD_CHARACTER_SET_CLIENT */;
/*!40101 SET CHARACTER_SET_RESULTS=@OLD_CHARACTER_SET_RESULTS */;
/*!40101 SET COLLATION_CONNECTION=@OLD_COLLATION_CONNECTION */;
/*!40111 SET SQL_NOTES=@OLD_SQL_NOTES */;

-- Dump completed on 2017-10-24 19:29:45
